,bear,deer,giraffe,donkey,camel,raccoon,sheep,frog,dog,bird,squirrel,lion,rabbit,alligator,leopard,kangaroo,turtle,zebra,penguin,cat,monkey,horse,tiger,elephant,rhinoceros,cow,fish,ant,goat,bee
28904,0.0765503,0.043784246,0.011713487,-0.022003585,0.056626838,0.067471705,0.09140725,0.03857842,-0.00024460503,0.0148517,0.043961514,0.041854203,0.0288276,0.042913813,0.028128356,0.025262302,0.060409635,0.034297246,-0.0066397116,0.05328445,0.027620202,0.057077836,0.06336345,0.019789167,0.040465448,0.06772437,0.048321847,0.011340719,0.0465665,-0.030079171
28943,0.045354623,0.041879624,0.01671234,-0.030164415,0.039587185,0.037958045,0.047777396,0.0065499227,-0.014899428,-0.003256607,0.025367744,0.030188901,-0.00065939705,0.021847205,0.012685227,0.022768402,0.021393055,0.011907183,0.018878533,0.050708074,0.011648945,0.010713801,0.0050580488,0.017934583,0.024457345,0.035415653,0.049419094,0.00084962294,0.027556961,-0.040105093
28944,0.037651088,0.033637088,0.026696399,-0.007953193,0.037175372,0.04614229,0.04990886,-0.0003668076,-0.016503157,-0.011520314,0.018413847,0.02147021,0.0051172944,0.04296166,0.011067848,0.021288536,0.035338342,0.012283795,-0.0025439623,0.010556765,0.012227431,0.009333785,0.044492394,0.005741945,0.04630683,0.026201563,0.023878986,0.011107446,0.01402273,-0.030790718
28982,-0.026585527,0.031581324,0.009901346,-0.00022712008,0.0038425606,-0.0035864562,0.0008938859,0.03280017,-0.033880223,-0.016569858,-0.0009917006,0.012116034,-0.01728746,-0.0005236582,-0.02865707,0.01965874,-0.01637915,-0.0069847195,0.032280922,-0.0059067844,-0.012209428,0.014290632,0.012681165,0.0031521786,0.0016718624,0.0055301986,0.02011591,-0.0020861954,0.01151893,-0.005017193
32299,0.018990545,-0.026929507,0.008001007,-0.012987771,0.0012621563,0.027834265,0.015290105,-0.013155781,0.0020902033,0.008726324,0.021161532,0.011029686,-0.00043288805,-0.0069902986,0.008543479,0.031121297,-0.003909726,-0.0017209224,-0.0072888606,0.025974996,0.0099501675,-0.005688501,0.0015901392,-0.016485436,0.008029385,0.031119587,0.021643303,0.014665454,0.0017024792,-0.010647219
32300,0.020727322,0.0051593403,0.01352426,-0.01584919,0.020148344,0.02191479,0.03997658,-0.0006370402,0.008931111,0.00090668723,0.028506085,0.014778311,0.017551454,0.021328472,0.02638998,0.0029417204,0.03065843,0.039090876,-0.013398357,0.02671521,0.038796008,0.018431773,0.06033796,0.039523967,0.0037662403,0.02223331,0.0068055335,0.0050336816,-0.018545488,-0.032937016
32340,0.012215194,0.014793766,-0.011556163,-0.011841551,0.011059758,0.017467594,0.02863119,0.013221038,-0.017630292,-0.0051942305,-0.018453041,-0.010126441,-0.019515255,0.0027135871,-0.031984843,-0.03193065,-0.014405298,-0.013295495,0.0064579993,0.017633341,-0.018135594,-0.00017396694,-0.015266586,0.002650255,0.00073034345,0.0023367542,0.025214918,-0.027382113,0.019549152,-0.021710252
32341,0.054878015,0.026722172,0.012961518,0.0060186,0.034469835,0.052957032,0.01676096,0.00232589,0.006430503,0.021903796,0.022734744,0.04356821,0.004294451,0.02913697,0.019195706,0.021058122,-0.0072330297,0.015753528,0.01422182,0.04804649,0.035176504,0.031915918,0.018267907,0.00043985373,0.019258881,0.03870187,0.026061824,0.03037334,0.0217416,-0.01842133
32342,0.07991612,0.05704033,0.01697417,-0.0018877159,0.03522214,0.082832515,0.06024702,0.025836239,0.011144784,0.019006228,0.046689767,0.04506804,0.02543849,0.03335088,0.03135183,0.016978243,0.06259119,0.04390806,-0.022202335,0.049211856,0.04918212,0.06441826,0.054076966,0.018651433,0.024490109,0.07702301,0.04047957,0.009016037,0.033270184,-0.017005824
32343,0.045814533,0.04581654,0.01240727,0.0061783553,0.024348237,0.06372564,0.060982306,0.0035452098,0.011113885,0.0010027463,0.024765106,0.032159206,0.015210662,0.03108439,-0.006846933,-9.202398e-05,0.05606574,0.048507646,0.006237062,0.00012998453,0.035254512,0.031993676,0.042493913,0.013245081,0.01942023,0.056176726,0.011815545,-0.009865792,0.04624247,-0.027666703
32383,0.030959347,0.06403248,0.017452164,0.012183048,0.014052689,0.08125133,0.0774155,-0.019121662,-0.018598543,0.021682456,0.050987627,0.037878502,0.01077146,0.04611546,0.0069645513,0.020615282,0.04507168,0.031002747,0.008992504,0.034326945,0.030270435,0.023505071,0.019714998,-0.016130561,0.035064254,0.061660375,0.033288773,0.015766049,0.03717306,-0.016276004
32384,0.021517813,0.0616937,0.035444863,-0.004539526,0.008622232,0.05021816,0.053188026,0.0057079303,-0.0018488265,0.015761903,0.0032072265,0.046802063,0.008346581,0.024466535,-0.015169553,0.050822597,0.050638963,0.03819604,-0.0022937835,0.03465141,0.009164893,0.020160059,0.036438264,0.009644805,0.0068460614,0.018629996,0.008267618,0.0072785285,0.03659624,0.004182192
35885,-0.0040769456,0.015557746,-0.026602171,-0.0008925845,-0.010263874,-0.015684063,0.012304957,-0.019274777,-0.0064495862,0.017890777,0.026396848,-0.016376426,0.010596446,-0.022826008,0.0066577657,0.014593643,-0.00023053765,0.010463473,-0.020235332,-0.0054577924,0.013978258,0.0021616572,0.011573237,-0.022247514,0.024197469,0.008115587,-0.016356513,-0.025374511,-0.007022181,0.0076217507
35886,-0.001886089,-0.025359929,-0.020890618,-0.007283011,0.015814038,0.023630148,-0.00096684974,-0.011824344,-0.0029311713,-0.011088371,0.00023292657,-0.0047315513,0.022716776,-0.007177722,0.004618143,-0.0042394605,0.009887638,0.0058187353,-0.02777679,-0.007710971,-0.032538183,-0.0037797485,0.020371936,-0.025020361,0.001221817,-0.012941182,-0.011372215,0.0033324684,-0.021360597,0.00018484479
35928,0.015934272,0.011628877,0.00013418651,0.0063679474,-0.0043393155,0.03944445,0.018751731,-0.02841557,-0.016650142,0.015995855,0.013696,0.019704102,-0.0038845893,0.0064095217,0.014626399,0.015872208,0.013052269,0.0055905767,0.019557664,0.029351324,0.009085852,-0.002135318,0.010586447,-0.0016951365,0.026756063,0.011512853,0.022229562,0.015391064,0.0051906765,-0.026993359
35929,0.012912076,0.018106727,-0.013865054,-0.010150746,0.029546387,-0.022769393,0.005562237,0.018516874,0.018248526,0.0013573142,-0.0010205014,0.017475324,0.01229313,-0.00087766635,0.018828087,-0.009084309,0.0013123626,0.005932801,-0.036411777,0.021571329,0.018677482,0.018510595,-0.004903937,0.01086671,0.028028658,0.020371659,-0.019975511,-0.00028601816,0.027577007,0.021469781
35930,0.047526956,0.04208534,0.00748889,0.017244851,0.015118081,0.09114801,0.06608238,0.0015246117,0.028686024,0.017918132,0.03619947,0.032871056,0.02669733,0.02310934,0.015767688,0.022013783,0.04955131,0.01720156,-0.01779486,0.04090009,0.037599616,0.026645511,0.030450486,0.0156968,0.010980971,0.06803424,0.007813964,0.0010127015,0.03994316,-0.0074553764
35931,0.056621563,0.055380847,0.017345067,0.018945122,0.046438735,0.06456122,0.0693063,0.0102319205,0.011616235,0.011471473,0.02839102,0.014533006,0.009718324,0.02373981,0.010396905,-0.013719044,0.06744661,0.010791752,0.0044541745,0.042173732,0.048236012,0.035649892,0.04555531,-0.004272429,0.029368756,0.066947676,0.04050771,-0.014947459,0.039847877,-0.013901192
35970,-0.009645262,-0.012555334,0.014135796,-0.0095631685,0.013620521,-0.023299003,0.012019675,0.005496321,0.009145078,0.00026710145,-0.031321224,-0.027825044,-0.017692685,0.0040443647,-0.021448113,-0.004524457,-0.012233836,-0.0026980496,-0.0055235736,0.01925946,0.016643649,-0.003517557,0.0034073556,-0.014480273,0.0122078955,0.012994786,-0.013971846,-0.0014281509,0.005530963,0.023379825
35971,0.039362844,0.014887505,-0.0058572204,-0.0067932233,0.047902867,0.0131756365,0.039294835,0.004138855,0.025807211,0.018377453,-0.016055444,0.009012238,0.010283749,0.0066286754,-0.006999304,-0.005586415,0.00033060895,0.02542407,-0.015220866,0.027596632,0.018432548,0.021005156,0.021372914,0.008545463,0.027060905,0.022475155,0.018484866,-0.0040432294,0.027665935,-0.010953045
35972,0.04233161,0.059083898,0.0145164905,0.011596926,0.024415769,0.07477278,0.09270636,-0.005329127,0.014010592,0.021172991,0.034899715,0.030867686,0.018614965,0.03988922,0.031368576,0.012032177,0.05347323,0.043437187,0.0135487085,0.05608281,0.04401192,0.028477207,0.03870156,0.021433698,0.04222111,0.07596858,0.03503206,0.012138453,0.047463436,-0.018619189
36011,0.004312501,0.034574702,0.014326625,-0.028277002,0.009236232,0.01314178,0.047424484,0.02923963,0.011605541,-0.005281864,0.0024009123,-0.020229252,-0.011182483,0.014556722,0.0016928582,-0.0077588023,0.008339466,0.0041620755,-0.03632799,0.0050317105,0.0007862728,0.0053743017,-0.014520139,0.029688152,0.0072160163,0.0024344455,0.0025845754,-0.015536216,0.023366889,-0.0020132822
36012,0.049626138,0.047646433,0.01876082,-0.0052765706,0.012042601,0.042700376,0.06506826,0.009167983,-0.02364924,0.012822489,-0.00079051283,0.03382131,-0.010543737,0.012574871,-0.0048856004,0.00837407,0.00857184,0.0170152,-0.003766099,0.018002642,0.029819423,0.0030213408,0.033675246,0.0009319925,0.013726663,0.026468052,0.044653803,-0.024474978,0.034128606,-0.0035030122
39651,0.04213384,-0.0094627375,-0.04731362,0.0012542871,0.03393088,0.038266342,0.0380915,-0.016644115,0.014241736,0.009550006,0.0153233735,0.014980833,0.027101753,0.016799515,-0.0037164486,0.00026185685,0.026813736,0.008913833,0.008400677,0.028237455,0.029366046,0.018574817,0.012536352,0.02084764,0.020511664,0.017206186,0.008721435,0.0091894,0.025146753,0.005797848
39693,0.03081095,0.009285118,-0.020558774,0.0013230117,0.015293608,0.012380871,-0.007942157,0.03445777,-0.009342138,0.003293981,0.018734356,-0.017643932,0.011477623,-0.006354335,-0.012005382,0.014815699,0.0077307113,0.023233151,-0.03011357,0.024990484,0.016450394,0.012234201,0.0021477353,0.0077817836,0.017173652,0.024625206,-0.0009563907,0.009730653,-0.013756785,0.004668685
39694,0.074541725,0.03600948,0.016108148,0.01082217,0.014199949,0.087635346,0.07329325,0.006273487,0.00041751703,0.029777551,0.030330198,0.01398996,0.026076121,0.025562814,0.029779911,0.02812843,0.024811491,0.039339196,0.020434203,0.04787874,0.061469316,0.009906786,0.05576395,0.025374405,0.027019596,0.047918517,0.050273445,0.0033163773,0.070294544,-0.0064631905
39695,0.066445924,0.083408356,-0.0050738906,0.007304274,0.047938924,0.06959469,0.076888,0.017948164,0.037162103,0.039733518,0.04442659,0.054826323,0.023733495,0.039485767,0.015052788,0.013588388,0.060031798,0.025607169,-0.007337836,0.028558448,0.046449702,0.043393735,0.035212345,0.030317865,0.03850056,0.07221813,0.044164006,-0.0021642074,0.0700595,0.0017249224
39735,-0.0022984098,0.027687361,0.0076475237,0.01068706,-0.008382195,0.0047263186,0.0104266135,0.0016790653,-0.033819865,0.0025336004,0.006432367,-0.0052302717,0.0058905114,-0.004021992,0.026330702,-0.0046621584,-0.023385286,0.0125918975,0.018916821,-0.0056614857,-0.0037735337,-0.0057897554,0.024395935,-0.00068824243,0.014317412,0.0066098548,0.008142094,-0.015028588,-0.019949073,-0.011322275
39736,0.03377993,0.01860492,-1.2004127e-05,-0.008244374,-0.014924218,0.0439042,0.036955122,0.03578523,-0.037159275,0.009605924,-0.024467476,0.019739198,0.02656769,-0.0121876,-0.0056445277,0.023144446,0.011953436,0.021115005,0.0070060124,0.00785777,0.0041893795,0.0034100264,-0.011008454,-0.009307791,-0.0032122948,0.02384221,0.046176363,-0.00039347797,0.036785945,-0.0032471262
39737,0.074003,0.06761817,0.03727424,0.03584782,0.036210526,0.06636568,0.07578938,0.049411606,-0.010149169,0.024672829,0.023609431,0.023102758,0.047163937,0.046773482,0.03515128,0.0136375055,0.06969501,0.04315636,0.009441926,0.012526664,0.025304733,0.035305258,0.026328081,0.029339952,0.025484322,0.06673541,0.05975008,0.01830517,0.05161098,0.012614916
39738,0.03677572,0.073275134,0.026959367,0.0283504,0.0180132,0.07146937,0.06332429,0.00031372657,0.042762678,0.049391214,0.037779182,0.037456453,0.011670957,0.027871286,0.007391918,-0.00036351988,0.044730436,0.02810889,0.0040781056,0.023935936,0.009707117,0.030838838,0.056442562,0.04065154,0.03432641,0.061725676,0.050384726,-0.019247087,0.053306777,0.0048515894
39774,0.003029802,0.01930757,0.018040976,0.0032007042,-0.005930172,0.020663561,0.014982137,0.021385796,-0.020927772,-0.0029829238,-0.0051931594,0.002325044,0.0053988122,-0.010602725,-0.009318401,-0.016103806,-0.009744248,-0.001530361,0.020169822,0.029498257,-0.028969621,0.0045252065,-0.016954688,0.016825382,-0.00020628919,0.02661977,0.012367115,-0.017972067,-0.00489306,-0.025432749
39775,0.018592982,0.000924405,-0.018100195,-0.0053714532,-0.0012691614,0.0055304677,0.0040036435,0.0004159085,-0.02390501,-0.014114629,-0.016712211,0.02959182,-0.021237029,-0.013644158,-0.022311129,0.020755727,-0.0048783426,-0.013924315,0.003781793,0.002612525,-0.034930304,0.013539151,-0.0017535546,-0.02368716,-0.022606777,0.0063003562,-0.00076015544,-0.028374197,0.02707882,-0.021426752
39813,-0.021253368,-0.01793976,0.0047514546,-0.0133890705,0.0036604803,0.001612364,-0.006939977,-0.018706085,-0.0010988672,-0.013548109,-0.010970261,0.005296645,-0.03464915,-0.0011556726,-0.010442913,-0.019858243,-0.032850202,-0.033837527,0.008681844,0.00389146,-0.013483186,-0.000532757,0.013433094,0.0042355172,-0.016486894,-0.0109555675,-0.014878579,-0.009331676,-0.005709626,-0.00018806546
43530,0.0066752792,-0.025540618,-0.015009294,0.02263157,0.003976751,0.027852597,-0.00873487,0.029505985,0.016869789,-0.007362023,-0.003001625,-0.0060314727,0.01803962,-0.0068013743,0.016864141,-0.0044182395,0.022559969,-9.117151e-05,-0.02428454,-0.0040102755,0.002871751,-0.00029596375,-0.0058753756,0.0008403125,0.027352057,-0.00024354,0.03387436,0.009761309,0.03922903,-0.02743456
43575,0.020982208,0.007694086,0.0043377345,0.01993944,0.04426242,0.037842706,0.040048476,0.0182358,0.014235787,0.030631451,-0.008421577,3.5260495e-05,-0.011576795,0.0132545335,0.029667145,0.026887486,0.018568756,0.0278873,0.028595114,0.015658097,0.021332225,0.011253641,0.017202672,0.014487882,0.012707961,0.011452764,0.010351128,-0.000633819,0.029274642,-0.015900059
43576,0.048246592,0.037377305,0.017011937,0.023912085,0.026478978,0.06769812,0.076502405,0.019464334,0.002719031,0.036227193,0.0060584955,0.031814158,0.02087112,0.029416082,0.034790453,0.010208463,0.04441687,0.03793711,0.00992092,0.031320166,0.035355195,0.021178707,0.025527025,0.0361875,0.031529885,0.061786145,0.03565758,0.0040300917,0.046334084,-0.016912175
43577,0.029683145,0.0457622,-0.000473298,0.021149749,0.0056157536,0.07167145,0.070996016,0.018727569,0.053346273,0.04175678,-0.001297084,0.046543334,0.05044858,0.035150047,0.04178986,-0.0059555396,0.04748973,0.016966255,0.015659165,0.055919487,0.032959957,0.044512928,0.043947298,0.02738615,0.023042588,0.045243468,0.065456964,0.0018513538,0.05248119,-0.00063232396
43616,-0.009231746,-0.00796204,-0.0024569023,-0.03398059,0.01837314,0.035233546,0.008629849,0.0033217631,0.012234916,-0.0147776855,0.001046335,0.03922939,-0.0028447036,0.0094010355,0.0021473449,0.05155973,-0.014811312,0.02087175,-0.011059086,0.021584375,0.0147654405,-0.0124226315,0.01055826,0.034785077,-0.01669427,-0.0029979434,0.029188907,0.0013066133,0.0074081183,0.0068586883
43617,-0.0044802697,0.018699154,-0.005943228,-0.018221566,0.017632375,-0.004941661,0.014027295,0.0048790704,0.012615596,0.006872905,-0.006769739,0.036584098,-0.019867847,0.017614005,0.029819833,0.019241583,0.005370021,-0.0073121786,0.031274427,-0.009439196,-0.00898489,-0.0123572545,-0.024794713,0.009066674,-0.0048912466,0.016938832,0.021143928,-0.03150967,0.015066259,-0.035703555
43618,0.010965261,0.01297406,-0.014104359,0.010430952,0.002461089,0.007050713,0.014873532,0.0119573055,0.009483887,0.010541302,-0.030020097,0.023642652,-0.0033959933,0.0015152724,-0.001983247,-0.03232136,0.0051477677,-0.010893711,-0.031025082,0.018399015,-0.0069835098,0.008267839,0.009266988,-0.0017749965,0.0009250887,-0.019769453,0.010626466,-0.0013845252,0.038092922,-0.045092124
43619,0.035309162,-0.022033997,-0.0070226113,0.03871905,0.0122133875,0.015715493,0.015972635,-0.009323027,0.0017918855,-0.0049841288,0.017124971,0.019529374,0.02375889,0.009062735,0.017350124,-0.002257336,0.00013881114,0.0012448023,0.004081655,-0.012893775,0.014436569,-0.00010915954,-0.0033797324,-0.0010311697,0.019259764,-0.012759487,0.013548068,0.03616569,0.013763134,-0.0009754443
43657,-0.031282756,0.0127129415,-0.009143919,0.0005606447,-0.022382775,-0.035148155,-0.022828452,0.018839542,0.0030980904,-0.029958129,0.013060524,0.018403241,-0.029900411,-0.00053994637,-0.013835055,0.0079607405,0.023654757,-0.02490461,0.03069231,0.009035348,-0.004500435,-0.009304493,-0.016284892,0.012800034,0.028123392,0.003545018,-0.0069740773,-0.004424961,-0.00018883932,-0.017200492
43658,0.006808966,0.02403667,-0.040115204,-0.008619439,0.015216348,-0.0004478985,0.0053178016,0.0062752105,0.0066097933,0.013630732,-0.019814046,0.015129753,-0.013364258,-0.012642303,-0.00049400487,-0.014586699,-0.020719187,0.004087037,-0.0034461832,-0.007922738,-0.016693803,-0.006775592,-0.0060896487,-0.028600737,-0.00943755,-0.030845793,0.0052256114,-0.02646474,0.013956237,-0.055581823
43659,0.04908691,-0.013831216,-0.00054731284,-0.0013127696,-0.0049492107,-0.0024341375,0.021080548,0.011958915,0.027589917,-0.012976277,0.013251941,0.02070488,0.0044652405,0.007838885,0.030711845,0.0041904845,-0.013839516,0.051356178,0.0070407954,-0.0077832416,0.00057225145,0.008732777,0.007993498,-0.012466389,0.017895957,0.012526676,0.023902453,0.000674715,0.0469633,-0.0042478717
47511,0.0556272,0.05592041,0.010555844,0.016908722,0.015413956,0.077430464,0.067108236,0.0012034033,-0.010966296,0.021828242,0.022201234,0.021301595,0.01668536,0.016979387,0.014382684,0.012282751,0.037303265,0.018601594,-0.004234512,0.0474028,0.040313613,0.01787186,0.015170627,0.02077786,0.013959068,0.06090039,0.020384163,-0.00015229422,0.040875096,-0.023375275
47555,0.012246951,-0.022040104,-0.01441814,-0.01130842,-0.0006186571,0.029087402,0.04713047,-0.007738968,0.000778174,-0.03081975,-0.0069852024,0.03526081,0.0062265894,0.008551634,0.020500213,0.025376698,-0.009286327,0.022791078,-0.0036436103,-0.012883033,0.013052519,-0.01749065,-0.02237893,0.012057516,0.00906993,0.015563436,0.015919559,-0.006761858,-0.0045257993,-0.0115018645
47556,-0.013768795,0.041747805,0.035143316,0.01810184,-0.002667708,0.013357018,0.007550169,0.0006088242,0.031860184,-0.032397885,-0.013126758,0.015040572,0.007421328,0.014958794,0.0023842843,-0.0024672926,0.005826658,0.014825572,0.020812752,0.00861664,0.014535054,-0.0022411665,-0.022246147,0.06005958,0.017369099,0.034204967,0.002232128,-0.0049334243,0.053146604,-0.045458514
47557,0.003360396,0.051277626,0.018261591,0.009367372,-0.0010306252,0.0077593434,0.03859294,-0.008352487,0.019588945,0.0409018,0.016376996,0.0026001118,-0.008296463,0.011730623,0.014724773,-0.016058166,-0.026326641,0.02053236,0.005419264,0.030762078,0.009106279,0.008115654,0.009472778,-0.012298435,0.01575105,0.029377123,0.0010201056,-0.0015740761,0.008192599,-0.024851447
47558,0.033503864,0.038651828,-0.013022144,0.016551612,0.02433412,-0.001765621,0.026260614,-0.034188256,0.014893666,-0.004301105,0.032927,-0.0043524713,0.02331864,0.006500911,0.027297802,0.008673532,0.009705317,-0.009081147,0.002612123,-0.014999506,-0.002970527,0.004969885,-0.007951221,0.0038812442,0.034578126,0.036676656,0.011425405,-0.019061645,0.02392161,0.0007079591
47598,-0.005861033,-0.027414339,0.012227182,0.011584643,0.011724723,0.010056998,0.009767401,-0.031632397,0.022772642,-0.0022933006,-0.0038387903,0.047401134,-0.013341912,0.0058251377,-0.016183823,0.029466724,0.00862744,-0.0033088084,0.018004252,0.015857192,-0.02470868,0.00911994,-0.013754986,0.0058968873,-0.008122314,0.026365323,-0.023183003,-0.0043518026,0.031023094,-0.024120336
47599,0.014887988,0.009270649,-0.0012840554,0.0056489618,-0.027654745,0.0067802947,0.018946057,-0.008255293,0.0024906744,0.046324104,-0.012352395,-0.0139393145,-0.0088323625,-0.0041550654,-0.021434903,-0.0514535,-0.018988915,0.0069337687,0.019360976,0.0062963427,-0.009059346,-0.0027872482,-0.014235117,-0.018514724,-0.013585103,0.01495172,0.0018513041,0.003472428,0.001997287,-0.03412552
47600,0.06760693,0.013422639,0.024575442,-0.0137032615,0.012613344,0.022389287,0.021021262,0.0046939095,0.016188487,0.0013120454,-0.015214249,0.008850718,0.008618557,0.010186574,0.011828851,-0.0007589264,-0.018826066,0.016091032,-0.0064610895,0.026926287,-0.0036352556,-0.006582392,0.017444456,0.01380757,-0.007850254,0.0035987662,0.0118489675,0.0035932548,0.022568943,-0.008576025
51538,0.05489969,0.023931108,-0.0023656501,0.0003862291,0.0013767505,0.046567228,0.01691484,-0.0338824,-0.0022290333,-0.0020062546,0.01746211,-0.011449666,0.00451646,0.015684793,0.00035376227,-0.001190694,-0.0034535981,-0.00020867276,-0.004303404,0.030141091,0.0014348222,0.030889452,0.013544709,0.022192242,0.023405278,0.02480314,-0.010764733,0.033004943,0.0146741,-0.007575141
51539,0.017831435,0.018052319,-0.020220786,0.022498988,0.003874521,0.039078385,0.03410112,-0.010420953,0.024639526,0.013351436,0.062388312,0.024196552,-0.009947971,0.010125264,0.021284744,-0.00068078254,0.025541296,0.013966691,0.019761859,0.019963456,0.028150463,-0.0041631064,0.006262876,-0.002321263,-0.0037732173,0.041186813,0.031267222,0.0134358,0.03701501,-0.012610695
51585,0.015816199,0.010450639,-0.0013334757,-0.019437648,-0.00068405893,0.042426687,0.023705244,-0.008658189,0.006494969,-0.009653143,0.008268901,0.006734382,-0.005966423,0.009977547,0.009573209,0.0003936334,0.02465006,0.031782392,0.046384554,0.043291688,0.008084939,0.021075457,0.0029911462,-0.005292568,0.031803686,0.042500045,0.0008645002,0.003950678,0.03406128,0.0028623287
51586,0.025123687,0.024904942,-0.0014436888,0.018419845,-0.03294136,0.027864493,0.032350462,-0.04104069,0.013455823,0.022883618,0.032164317,0.019400144,-0.012200077,0.016816081,0.023888119,-0.0034170125,0.02581389,0.016570518,0.023536816,0.0073606702,0.00059001596,-0.01748344,0.01441237,-0.0035034816,-0.0023444511,0.04952688,-0.000840374,0.0006735977,0.036119856,-0.016758392
51587,0.0025652426,0.026132395,0.0013754737,0.024900319,-0.0020479485,0.016642874,0.03747826,-0.014882401,0.020677887,0.012510515,0.036821816,0.015890695,-0.0040195226,-0.00088083,0.009599808,-0.0077152452,0.035132647,0.0039435336,0.02551794,-0.027071118,0.011288609,0.003972021,0.013519936,0.0066775805,0.0012754375,0.05404507,-0.014284987,0.011523935,0.019511327,0.009882676
51629,-0.027773919,-0.007760031,0.016170168,0.006590819,-0.016906833,0.0040252064,0.040236495,0.007893687,0.010397254,-0.010830081,0.008153698,-0.006048536,-0.0038335323,0.009422782,-5.8865484e-05,0.012866527,0.0271826,0.0025437716,-0.0027799308,0.02220097,-1.0801479e-05,0.014214641,0.00014137726,-0.01965947,-0.036083255,0.032627635,-0.022331672,0.01338172,-0.007071313,0.010653787
51630,-0.00043278115,0.022108525,-0.0045499946,0.012187402,-0.025844619,-0.006765744,0.012465519,-0.011169657,-0.002437522,0.009093903,-0.0019047394,-0.00601589,-0.02713383,-0.005416168,0.021382695,-0.016450115,-5.8424503e-05,0.00037771402,0.017050035,0.0012440841,-0.014166489,-0.021288604,0.0143006975,0.0048642172,-0.016638085,0.03573241,-0.0010998271,0.006107766,0.030136192,-0.0057261027
51631,0.014345393,0.018629612,0.023733504,0.007826333,0.0011323983,0.01609526,0.033343375,-0.009276806,-0.013822894,0.0023829753,0.042090446,-0.024827495,-0.0074866503,0.011374139,-0.004716256,0.004439132,0.00956001,0.005154796,0.044418763,-0.016456418,0.0010683284,-0.0007204207,0.01289137,0.014734763,0.022636319,0.035088766,-0.007251423,-0.013525863,0.0048656994,-0.004126442
55650,0.017164132,-0.009123638,-0.021572905,-0.014836761,-0.00086759124,0.02387762,-0.021719113,-0.015101823,0.004635884,-0.006391639,0.020053664,0.0012577288,-0.006866588,-0.0038267903,0.0066330414,-0.006848424,-0.034324817,0.0051498846,-0.0013582738,-0.010077058,0.008735022,0.008599703,0.009958391,0.0080920225,-0.018797064,-0.0069251857,0.0016103849,-0.024684945,0.034880165,-0.0060777473
55697,-0.0135888355,0.018267557,0.0075994353,-0.004898939,-0.027255213,0.014351663,0.04790947,-0.0042140093,0.0062152357,0.0021825328,0.035948236,-0.003621274,-0.0003018876,0.0236742,0.039471958,0.0017555327,0.0021231547,-0.012366633,0.015173576,0.00439372,0.006279467,-0.004655342,0.019129928,0.025275236,0.008402287,0.052647308,0.003062049,-0.0030863446,0.037845712,-0.017215155
55698,-0.015375369,0.011454768,-0.016706092,0.028471835,0.014148713,0.03487497,0.053019974,-0.0019474834,0.018226491,0.03989155,0.04209459,-0.00774446,0.0022255722,0.006016702,-0.015682094,-0.017907498,0.04277246,0.011222524,0.019758968,0.011607017,0.019629093,0.013558163,0.029565044,-0.001263226,-0.0065937103,0.065214,0.0006811533,0.010797392,0.014731187,-0.0036642114
55741,-0.036655173,-0.0041959793,0.017422574,0.02085531,-0.012577276,-0.0008273942,0.011340835,-0.02918634,0.008333421,0.0071837385,0.012781582,-0.017779669,-0.010104616,0.0068674,0.01291518,0.030174876,0.006915476,0.0058062505,0.00494023,-0.0008723314,0.020535553,0.0047644577,0.027208379,-0.025553262,-0.0013471587,0.008660483,-0.036176432,0.01615785,-0.0008216494,0.043655425
55742,-0.04067838,0.0008707652,0.0015271785,0.015733304,-0.022328436,-0.0066333856,-0.0002194789,-0.00081067596,0.010345272,-0.00073403,0.024337212,-0.03809103,0.0024859747,-0.0020529903,0.041061237,0.0024901025,0.008558513,-0.00045256814,0.022258699,0.012556009,0.011685383,-0.013121578,0.013496659,-7.400351e-05,-0.012645508,0.025810318,-0.012838371,-0.007212423,0.0032177968,0.01791912
167038,-0.011401873,-0.017863767,0.0020339813,-0.02509576,0.0023789522,-0.02030921,0.012487695,-0.020081414,-0.010564615,-0.0035483055,-0.012509409,-0.0025587715,0.0015092228,-0.00093572587,-0.026706746,0.0019889295,-0.010212144,-0.02133531,0.011010799,-0.00849318,0.00056595396,-0.0063065146,-0.019575333,0.038410995,-0.007788168,-0.026186084,-0.015335499,-0.007905032,0.0021724661,0.0073972307
167039,0.017562456,-0.01834756,-0.020510016,-0.0033923571,0.011763878,0.012851105,-0.0010676719,0.030403681,-0.0025677483,-0.021087274,0.021016126,-0.02700875,0.008360221,-0.0042547565,-0.005204093,-0.010009978,-0.019156253,0.01180474,0.0033752266,0.011516567,-0.009116943,0.0015148111,-0.01577315,0.0151795745,0.000618238,0.022541063,-0.011572859,-0.0011120295,-0.0010664737,0.019740734
167040,0.02936416,-0.013847786,0.041350164,0.01742342,0.016851507,0.012803532,0.029413829,0.027743207,0.0022561199,0.0049367887,0.009375621,0.009485186,0.007102174,0.00251898,-0.002304421,0.001684078,0.015132702,0.005160386,0.006542912,-0.00035191886,0.019135837,-0.0028019056,0.021987313,0.018623946,0.029953478,0.00834573,0.040741127,-0.012146127,0.022481672,0.0042053
167041,0.041838616,0.017778413,0.034234636,-0.004022673,0.053269263,0.04977529,0.079587474,-0.0088627655,0.035985935,0.00836482,0.0027730137,0.012764988,0.021575814,0.038874965,0.0023281467,0.016651044,0.04783416,0.034617964,0.033877257,0.020500612,0.029725112,0.045633096,0.0399245,0.045309488,0.024923084,0.023368478,0.03969296,0.0050980267,0.008184925,-0.015758717
167042,-0.0033734012,0.0142286,0.002657164,0.0033614852,-0.0011782503,0.03477675,0.040819865,0.012945375,0.0012742175,0.009002226,-0.009046401,-0.0050724256,0.013556179,0.026909811,0.022422254,-0.0042492165,0.008046045,0.00627652,-0.013467763,0.009520438,0.015215113,0.009977871,0.028386787,0.017039817,0.004614293,0.026261376,0.032977182,0.002055735,0.016947588,0.012879991
167079,-0.030787649,0.02619042,-0.009698956,-0.004534779,-0.028176114,-0.001763965,-0.0063150674,-0.010605093,0.02848843,-0.0360031,-0.007350892,-0.011176216,-0.0034070436,-0.0053927624,-0.014112002,-0.01854978,-0.0015501463,-0.027185267,-0.02103141,-0.010867047,-0.011123848,-0.019385913,0.0017607535,-0.014564804,0.006402454,-0.009992744,-0.016552193,-0.02429195,-0.0025145852,-0.0037404418
167080,0.008928648,0.02323203,-0.003712774,-0.041107703,-0.001522225,-0.0039875847,-0.0002963113,0.005595094,0.028176246,-0.036861036,-0.0027346406,-0.019550825,-0.0075966045,0.0110666305,-0.00037243232,-0.010127262,-0.024553701,-0.0230269,-0.005071605,0.026689976,0.026427181,0.005432163,0.002334095,0.0076312833,0.016630463,0.02773914,-0.023283286,0.008525323,0.0039470904,0.027740465
167081,0.012673047,-0.026808837,-0.03794125,-0.034195703,0.02940769,0.025505392,0.023207141,0.03232398,0.021452809,0.005139028,-0.016142359,0.02203839,0.014942259,0.024957439,-0.018863428,-0.0030869106,0.01026539,0.02513895,-0.0062544574,0.032365434,0.0051193675,0.017634088,-0.00926926,0.0048499056,-0.016185952,0.011437498,0.029908175,0.0029111735,0.031093584,-0.015470372
167082,0.042632002,0.0032520865,0.026776798,0.016406076,0.028065773,0.072289534,0.01913135,0.0046183127,0.04454803,0.0110099325,0.041738372,0.056737285,0.011515069,0.027693847,0.023114286,0.0026986648,0.014178582,0.011435556,-0.009489313,0.041845065,0.0256726,0.017563453,0.01943737,0.027202258,-0.008888269,0.039639715,0.04499246,0.023998598,0.054687083,0.00025244863
167083,0.026568867,0.020599198,0.016883275,0.040144145,0.036817897,0.029140942,0.025894457,0.016808541,0.05672202,0.040409718,0.030279214,0.0006343878,0.03748778,0.007836178,0.020682734,0.0278885,0.057358723,0.025224572,0.017264483,-0.007941595,0.03789982,0.027068386,0.0038941943,0.02193276,0.054501325,0.03824837,0.06742149,0.03201276,0.05644827,0.013610466
171125,-0.0011750706,0.038046625,0.029994363,0.008696023,-0.00027366573,0.02464012,0.00875297,-0.006020706,0.0063288617,-0.005804623,0.020341014,0.011782129,0.011457044,0.023001531,-0.0055109425,0.04979451,0.024283886,0.011204746,0.020096539,0.022519179,0.011693339,0.0050095324,0.01731701,0.0013464846,-0.00065093854,-0.008476833,0.040426232,0.017415911,0.006961826,0.014655775
171169,0.016059319,-0.0038730695,0.005194614,-0.016451797,-0.0006003324,-0.013799601,0.012675774,0.01332545,0.025312364,0.019110754,0.023473965,0.010052715,0.018159175,-0.01012955,-0.01864688,-0.0034290683,0.027285345,0.016776577,-0.014522288,0.014481254,-0.002055009,0.027556943,0.003094379,0.008491698,-0.04227524,-0.01949866,0.008753999,-0.0053614113,-0.005677355,0.009221674
171170,0.0046653072,0.03358885,-0.003954864,-0.0052607977,-0.012935565,-0.006158818,0.04114532,-0.010900634,0.012283984,-0.0045007844,0.0130796805,-0.00020067021,0.012688563,-0.005310141,-0.00306031,0.013719644,-0.008223903,0.008417693,-0.012381539,-0.0024943047,0.013869514,0.02094555,0.0032743334,0.02748777,-0.011296834,-0.01723121,0.009322223,-0.022324296,0.0043108244,-0.01963255
171213,0.008688628,0.0038707703,0.00092822436,-0.010673075,0.009363573,0.032085065,0.030990737,-0.0033220432,-0.015442677,0.02796977,0.006417746,0.015192333,0.017575474,0.015475442,-0.00089169544,0.011820868,-0.01108044,0.00028587529,0.026873881,0.0024118682,0.0072455406,0.016213652,0.01234083,0.0048182583,0.008178542,0.0096563045,0.034197804,0.018444413,-0.0150223775,-0.0048983158
171214,0.021278257,0.0017736116,-0.02316857,0.022851773,0.0077123884,0.01617744,0.008389562,-0.0019935828,-0.022679122,0.005891266,0.0017732388,0.036640648,-0.008517764,0.006482005,-0.011045083,-0.02448281,0.015508634,-0.019384937,-0.02867963,0.005729968,0.012750289,0.015292118,0.016350081,-0.012512387,0.023448288,0.013084247,0.058217656,0.016895687,-0.00452052,0.017320856
171215,0.014714205,0.012982369,-0.016473666,0.033184547,0.014320572,0.014451717,0.035898387,-0.012982239,-0.008722515,-8.7171793e-07,0.023334935,0.017400224,-0.016142441,-0.0059509254,0.0012253672,0.0056686904,0.0077583133,-0.0008018654,-0.062407106,0.01148336,-0.0038394139,0.0070995335,0.035218984,0.013179499,0.011841218,0.0018262783,0.004104884,0.016530925,0.013799201,0.0018715964
171216,0.012739758,0.036958415,0.0006069268,-0.00028101294,0.01067137,0.018929066,0.006845245,-0.009626512,0.018936962,0.015518148,-0.02728954,-0.016200816,0.0072595957,-0.0004967712,-0.032508776,0.016985035,-0.0067168907,0.008980815,0.0016054487,0.0060959333,-0.014503687,0.016576303,0.03129764,-0.00789713,0.0107812695,0.022282088,0.03283577,-0.009564133,-0.012502174,0.021304285
171217,0.038806107,-0.017481003,-0.005548146,-0.014908559,0.024537504,0.014210795,0.0089732595,0.022607675,0.024978796,-0.019943079,0.01425762,-0.042972013,0.02273033,0.004545038,-0.02790937,0.03462887,0.002827704,0.008344263,0.030048737,0.00034913546,0.0025855396,0.017162902,0.016125068,-0.012123935,0.024779173,0.019327229,0.02306298,-0.011558838,-0.003137719,0.027213054
171218,0.007122639,-0.019003257,-0.015639607,0.027522078,0.0040708003,0.03718124,0.03573614,-0.0072847554,0.039857533,-0.0004442831,0.0038072087,-0.013462846,0.0007577736,-6.0955685e-05,-0.021040281,0.014461447,-0.00651801,-0.007123703,-0.007995415,0.01458282,0.019679828,0.012890964,0.01927474,0.019171534,0.015480147,-0.0071318797,0.000832892,-0.027576713,0.009438004,-0.001099887
171255,0.016399505,0.011282288,0.015150175,-0.0008975447,0.00029923706,-0.002294679,-0.028682461,0.02435493,0.010671996,0.0061819777,0.0130676115,0.022450624,0.012323235,-0.001174536,0.030864997,0.040960416,0.046163905,-0.008499787,0.014581007,-0.011540375,-0.0013234977,-0.0049340925,0.018314382,0.00089663547,0.01625094,0.017267793,-0.003818442,0.014108012,0.020453872,0.017626764
171256,-0.0065195463,-0.0022636417,-0.014707233,-0.01703898,0.01590349,0.0058542597,0.015392604,0.026300656,0.0068257763,-0.013561599,0.005284148,-0.0015627038,-0.004337875,0.0031397922,-0.008957322,-0.004831096,0.00828327,-0.020324402,-0.007983021,0.018024765,0.024935061,-0.0002371585,-0.015692601,-0.010822271,-0.002273984,-0.004664572,0.015965858,0.006033366,0.0073775835,0.039690156
171257,0.041386176,0.014230639,0.031400207,0.02128113,0.062398065,0.06550384,0.03226836,0.037939694,0.06046473,0.033423502,0.041899096,0.0198222,0.035620082,0.028139219,0.039796304,0.014237699,0.03502251,0.018737102,0.019095978,0.057040483,0.04331826,0.016252177,0.02884497,0.045050755,0.009268933,0.041110426,0.04434265,0.035693813,0.04056353,0.018626539
171258,0.026135987,0.028726794,0.011369864,0.01767683,0.050734162,0.056673557,0.02088809,0.04453982,0.06292382,0.030634178,0.018637905,0.01721278,0.05162479,0.01867988,0.037606966,0.024593795,0.045362685,0.05082506,0.003965109,0.022049552,0.041197058,0.024744853,0.0052778185,0.039151073,0.008793187,0.04710218,0.054723997,0.021607682,0.043621536,0.03688183
171259,0.008604698,0.036281347,-0.016110696,0.027119286,0.050765123,0.037632216,0.027008526,-0.014883653,0.06356728,0.016566144,-0.0074666305,0.0073902714,0.02195137,0.017600767,0.0025411688,0.009156984,0.027037254,0.03658689,-0.019510653,0.00075520016,0.006081319,0.044537406,0.043178078,0.029342739,0.023114705,0.018259162,0.034105983,0.012149791,0.019074857,0.020438645
171260,0.038912043,0.04401939,0.017661188,0.028008552,0.020422542,0.04562558,0.04688759,0.032042544,0.037469614,0.060979445,-0.0035322204,0.024967125,0.024514623,0.015244227,-0.0031636904,0.0040759924,0.035395894,0.017906955,0.018353097,0.009693278,0.015287027,0.03197284,0.0465547,0.029676916,0.025739104,0.01552843,0.034955744,-0.015021604,0.010321669,0.04215171
171296,0.00708429,0.01585445,0.037406575,0.018767843,0.041501585,0.03934659,0.042569052,0.027886456,0.013259449,0.018220982,0.038283307,0.038749725,0.022432746,0.018431371,0.027435703,0.022605663,0.032514993,0.04419222,0.01951001,0.030202417,0.039127737,0.03706023,0.017786993,0.022590183,0.04915334,0.014102615,-0.006588603,0.042666268,-6.164936e-05,-0.0034243157
171297,0.0128922695,0.03858191,0.026328063,0.014453431,0.03879612,0.08171737,0.023091687,0.037343003,0.027985498,0.035051588,0.021194652,0.02773496,0.005225641,0.023382982,0.01739999,0.018383786,0.058077797,0.052224685,0.024782151,0.01398622,0.0372279,0.01869499,0.019482294,0.0033367248,0.03397392,0.021228962,0.025557576,0.026367337,0.017087422,-0.004228493
175228,0.0023858927,-0.0055752597,0.021929048,0.02930318,-0.0020905223,0.03717131,0.034165826,0.008242919,-0.021760851,0.0035549954,0.010005069,0.029727297,0.011360529,-0.006753907,-0.022167334,-0.0076551214,0.002051657,0.033746313,-0.0065515325,0.011785447,0.0075530224,0.012405238,-0.006825436,-0.0036138613,-0.010191795,-0.006589997,0.007626289,-0.015269023,0.012934974,0.009181681
175272,0.011092211,0.008641336,-0.017364489,-0.025824478,0.0371231,0.0052389037,0.025119064,-0.0013112793,-0.0068426854,-0.042312693,-0.008148688,0.011611819,0.005363365,0.017565483,-0.028714275,0.0070810686,-0.002225047,-0.023837669,0.0011244739,0.010403345,-0.0025015592,-0.017563665,0.01584485,0.003491818,-0.014747974,0.0029516127,-0.0034375016,-0.002069707,0.014734667,0.009083777
175273,0.0059381872,-0.0068316516,0.052986026,-0.04557972,-0.013933984,0.016406395,0.012905128,0.019161448,-0.011103157,0.00500177,0.029390655,-0.003069098,0.020208433,0.025496366,0.005041527,-0.004208814,-0.027559733,-0.031156326,0.011338822,0.018019319,0.008816416,0.020481933,0.024094587,0.019886734,0.0040097246,0.015101534,-0.0129001215,0.0038959289,0.012315862,-0.009392827
175274,0.011449247,-0.02647647,-0.018491559,-0.018264798,-0.020476779,-0.0028609454,-0.0073867454,0.0048871622,-0.013964302,0.0023129322,-0.0072747874,0.00995159,0.0123141175,0.0014624051,-0.013941643,0.02456622,-0.0126088075,-0.02061151,0.015336271,-0.02484186,-0.00012655805,-0.012234975,0.01677247,-0.0036088151,-0.0034262652,-0.003536246,0.032076612,-0.008842111,-0.02923253,-0.0018343875
175315,-0.027008215,-0.0018008157,-0.025951393,-0.038150575,-0.006654782,0.017843269,0.0133934645,0.0027647123,0.005441338,-0.0063798986,-0.011289322,-0.02574523,0.001274126,-0.012764145,-0.04937919,-0.03380425,-0.01632258,-0.03709246,-0.012564772,0.019838832,0.005736468,0.010830811,-0.0045628943,0.0053493246,0.00010888092,-0.016287794,-0.004223404,-0.01687502,0.040260687,0.01972743
175316,-0.018583179,0.013687565,0.0098496815,-0.0026059344,-0.013070472,-0.011320248,-0.0055400156,-0.0013555153,-0.012076441,0.009544865,-0.03841832,0.020958915,0.027539015,-0.010639812,-0.015022528,0.0010853304,0.01004222,-0.035760667,0.016177554,-0.031323057,-0.009713967,0.0057299607,0.017359635,0.036558915,0.027581071,0.014498402,0.0246673,0.012041842,0.030826807,-0.019722173
175317,0.023254303,0.032481562,-0.027129278,-0.011021186,0.0013265633,0.008826054,-0.012995999,-0.010261524,0.002056557,-0.0032118242,0.014073622,-0.0013496168,-0.0031548648,-0.0012694169,-0.016616285,-0.008645683,-0.018971786,0.01088246,0.018171398,-0.0039972235,0.0010996796,0.011311896,0.022968559,-0.0002485118,0.0032350256,-0.004059567,0.02773313,0.014112645,0.011942659,0.013000194
175357,-0.0076639224,0.011893812,-0.0064058783,-0.0213752,-0.017747516,-0.0017200665,0.010128739,0.007623372,0.0139464475,0.010475558,0.037033647,-0.019056162,0.002490907,-0.022982104,-0.02758347,-0.028604502,-0.007672978,-0.023386871,-0.016895644,0.027919976,-0.017573575,-0.004099266,0.021947732,-0.008270546,0.037812833,0.012250441,0.00087503623,0.025834208,0.011084437,0.0049545695
175358,0.0062007844,0.015725395,-0.024620758,0.00036882702,-0.022689695,0.020756887,0.00804235,0.035099633,0.009809892,0.019951401,0.025016746,0.024470031,0.034838263,-0.015138469,-0.0033895972,0.026839852,0.0438571,-0.029613743,0.03052657,-0.015471651,0.008977921,0.007709831,-0.025839709,0.025257414,0.009795337,0.00748139,0.007588204,0.0314848,0.02688875,0.048059165
175359,-0.024970775,0.00277739,0.00025352463,-0.0099292565,0.0033911625,0.0388622,0.018195592,-0.006766571,-0.023530483,-0.018914655,-0.010113663,0.011677257,0.0059948177,0.003257323,-0.0068292096,0.016289094,-0.008585741,-0.017248573,0.020935424,0.0258341,0.0042045717,0.0016802993,0.027282843,-0.016017089,-0.007944461,0.014235213,-0.014621091,0.029518902,0.020464787,-0.014541689
175360,0.023772025,0.013643608,-0.011175101,0.0019919423,-0.006969787,0.0066045583,-0.0011112764,0.0063166786,0.0070532807,0.0067892824,0.022223273,0.010358804,-0.006472413,-0.0053184717,0.008268087,0.005433187,-0.020084152,-0.036315985,-0.01868303,0.022934303,-0.010944235,0.021094372,0.0038099324,0.025059687,-0.0004318965,0.031172538,0.000874881,0.02072911,0.02895976,-0.022757983
175361,0.030012136,0.03479814,0.026462415,-0.0015208857,0.03143855,0.01864033,0.03493384,-0.0029129537,-0.027015118,0.049707383,0.013742381,0.0028293177,0.016580842,0.0019364147,0.021086708,-0.0055875275,-0.00037320107,0.022477532,-0.00011245596,-0.00027892366,0.034161355,0.0013488397,0.01962683,0.029957885,0.0046978393,0.007333948,0.01896568,-0.009643251,0.0010931878,-0.0063797063
175362,0.018508099,0.016389573,0.006293642,0.011106062,0.013968825,0.0026223168,0.016664796,-0.020659631,-0.013537838,0.026621819,0.0010673689,-0.0036401257,0.009257457,-0.0035756687,-0.019041933,0.0068089254,-0.01423537,-0.008589082,0.005035541,-0.0023786575,0.016230425,0.0033916242,-0.0060272813,0.0145982085,0.0025269904,-0.00068439235,-0.007294595,-0.008952152,-0.002475274,0.0016825218
175398,0.025994977,-0.0007297434,-0.022137502,-0.015066647,0.021166345,0.029370025,0.028673952,0.035973903,0.0030695025,-0.0351191,0.0038026627,0.017709384,0.0033491289,0.010330175,0.0106300535,0.028822249,-0.008736064,0.0052223653,0.027240388,0.021894554,-0.0032848904,0.011338747,0.027371438,0.005317611,-0.018424794,-0.0059904456,0.022131398,-0.007586038,0.024832683,-0.025336446
175399,0.03378892,0.027444253,0.013335151,0.0011681268,0.016055157,0.037636515,0.015101296,0.01580514,0.018230544,0.017238684,0.022392327,0.029606655,0.016433734,0.021963008,-0.018841904,0.012418273,0.013797876,0.032119285,0.008815623,0.037169505,0.012656454,0.020264236,0.032280292,0.013956991,0.012845263,0.018939285,0.009653361,-0.008504982,0.03664292,0.014672082
175400,0.036140267,0.045205627,0.026304705,-0.028578432,0.0518291,0.07156157,0.025200712,0.047421757,0.04469729,0.05867845,0.017298525,0.014752968,0.037626874,0.022571048,0.022923736,-0.012406275,0.053111102,0.033851653,-0.025034158,0.028904043,0.019274691,0.025500514,0.035198316,0.0260948,0.020461325,0.05270207,0.036618438,-0.016475037,0.05328366,0.0032925804
175402,0.047163848,0.029554129,0.0106292665,0.011433578,0.008218492,0.026671775,0.0133388685,-0.019885005,0.00040307143,0.017972387,0.019031292,0.039108295,0.01715709,0.014582712,0.0028319973,0.01176134,0.0119623495,0.018581698,-0.0030707393,-0.028348774,0.013323106,0.02964553,0.0116826175,0.02351939,0.010767862,0.010960512,0.013728858,-0.018008439,0.023669958,0.01427327
179244,-0.006508728,-0.010326753,0.029004803,-0.01898904,0.014127441,0.055021852,0.029035466,-0.010942165,0.013291498,0.004064243,-0.0017273832,0.008422983,-0.0046887617,0.010325202,-0.00039971867,0.0128368735,0.012688909,-0.032445684,0.004493518,0.015100566,0.01013564,0.01994934,0.014813997,-0.021997875,0.010510453,0.049641654,0.042061035,0.049382795,0.01842661,-0.033337604
179245,-0.017413417,-0.030323396,0.011178415,0.009305628,0.0013412145,0.014628179,-0.0037417691,0.012784707,-0.020857068,0.016285192,0.022380196,0.0067463624,0.0013477547,0.010101861,0.011568598,-0.007853254,0.044507578,-0.0017676471,0.006457431,0.019605098,0.0052282014,0.012778834,-0.006564196,-0.0066777356,-0.015129712,0.010518946,0.010605782,0.014338081,-0.006665511,-0.01362767
179288,-0.022774031,-0.03764312,0.043387428,-0.017470049,0.029380271,-0.013750969,0.00041899583,0.0004370079,-0.015310883,0.033852305,-0.028812079,-0.0014854041,-0.016705988,-0.019294972,-0.030129226,0.015739948,-0.0038834356,-0.021791905,-0.008235975,-0.0004967299,-0.0039049962,-0.0020370113,-0.016285853,-0.015864016,-0.0090547865,0.01629301,-0.03267205,0.008018299,0.017316187,0.015266631
179289,-0.026274404,-0.014379628,0.011231716,-0.014083191,-0.022789858,0.007839155,0.03146921,0.0068600453,-0.0006825477,0.011965204,-0.013423533,0.0027111836,0.023738243,0.005826142,0.033690806,-0.014489372,0.020845039,-0.021906808,-0.0030672273,-0.00269063,-0.006791257,-0.00011234451,-0.012775472,0.021059243,-0.016453015,0.008612971,-0.01797554,0.018695308,-0.026616246,-0.011447039
179331,-0.0048644156,-0.030471494,0.014972729,0.011964153,-0.013952886,0.008195774,0.034140315,0.00074393366,-0.039006338,0.011656425,-0.005368514,0.024310991,-0.005496424,0.0013619025,-0.008825462,0.007991045,-0.02409198,-0.012819566,-0.009589378,-0.0020778747,-0.0029803223,-0.010486283,-0.00503209,-0.012776364,-0.000908209,0.022686275,-0.008493363,-0.02150456,0.0119155375,0.011933113
179332,0.007481318,-0.0033385046,0.0077331476,-0.0080681,-0.014467049,0.001999222,0.028457457,-0.020980189,-0.018834278,0.009980866,0.0029965427,0.004551646,-0.010455154,-0.010256839,0.02379586,0.00036164807,0.001881327,0.015209057,0.0037193832,0.02000586,0.0036070712,0.01508058,-0.0034644224,0.0014620301,0.018091533,0.012217365,-0.003521065,0.0071570664,-0.0056296415,0.006446944
179372,0.016898962,0.01515801,-0.005249316,-0.007921983,0.0031733105,0.038346812,0.013446946,-0.011740263,-0.029488698,0.010942434,0.0019256662,0.011749779,0.013545801,0.0018901015,-0.005062539,0.015823485,0.017661937,0.0041039996,0.01236225,-0.0013844748,0.009001353,-0.007953731,-0.010074342,-0.0037831496,0.020830717,0.012276539,0.03136516,0.012006253,0.040387508,-0.024988458
179373,-0.014853686,0.004889266,0.027306845,-0.008972819,-0.016771311,-0.017422551,0.018941572,-0.0068222377,0.014184941,0.021377109,-0.010122274,-0.004401158,0.017525008,-0.015282105,-0.02382336,0.002406176,0.01083134,0.0019876848,-0.011053779,-0.00564041,0.0038315535,0.010553743,0.012153517,0.025637506,0.03577872,0.0023574184,-0.022303766,-0.012256555,0.004052404,-0.026138917
179374,0.026740054,-0.013913269,-0.019148715,-0.022498436,0.013993788,0.024821974,0.0019149929,0.012743351,0.029851615,0.016639328,0.024001958,0.017756376,-0.008511126,-0.024660744,0.016062478,0.03149155,-0.00031169908,-0.006282784,0.0023030725,-0.00035126167,0.021450026,0.01599663,0.007800996,0.013706422,-0.006394888,0.00075744704,0.01603671,-0.0023212293,0.007965778,-0.022740392
179412,0.022033008,-0.03701612,0.015495822,0.004230856,0.008693018,0.0039813737,0.017327158,0.03623622,0.0072154496,-0.0039205304,-0.024054335,0.0060254117,-0.0010800778,0.0025132808,-0.011893281,0.0006894342,-0.0133063095,-0.024864802,0.036443874,-0.0054312423,0.010681213,0.012484025,-0.0080015445,0.027382338,0.007036556,0.023425305,0.035949323,-0.0012813978,0.020316953,-0.00794028
179413,0.01971797,-0.0038915717,0.013972022,0.0053196647,-0.0005083548,0.015532953,0.016252564,-0.01567957,0.0045824307,-0.00053034135,0.015522648,0.013184777,0.0036493002,-0.015273019,-0.03309625,-0.005851062,0.011120814,-0.03800275,-0.02177283,-0.019204937,0.013574916,-0.0164184,-0.031264152,0.022679575,-0.011059123,0.012050071,-0.020892829,0.01727441,-0.006160544,0.002640644
179414,0.008937675,0.0002553632,-0.016533809,-0.018955218,0.0035847388,0.021059403,-0.024900837,0.009062757,-0.0018908525,-0.0016071387,0.021760844,0.0013892179,0.020393807,-0.0014333028,-0.0057178033,-0.012990418,-0.010955798,0.008862483,0.030112082,0.011776939,0.024747573,-0.0014290266,0.009922458,-0.0019403998,-0.012735911,0.018842375,-0.028371468,-0.017504659,-0.011819494,-0.009353765
179415,0.0012538964,0.015305086,0.020955458,-0.014101607,0.0049156942,0.023359962,0.029827029,0.04255176,0.0107133025,0.033284783,-0.021901747,-0.02534455,0.010831729,0.0070749014,-0.027488997,-0.011721737,0.012301949,-0.019170571,0.0022917376,0.0059792562,-0.0004892492,0.015489359,0.008102073,0.0066528893,0.017200774,0.017924918,0.00022139773,-0.005601147,0.02420339,-0.010612674
179416,-0.0022136408,0.014321673,-0.00096491695,0.004856817,0.0033335544,0.0061665177,0.017859435,0.004618999,-0.014838115,0.039569903,0.042363804,-0.0072383787,0.025836414,0.005007511,0.0077781617,0.0008274947,0.0047493773,0.002776169,0.010131914,0.022356084,0.004432997,0.0131653035,0.004041759,0.018156013,0.011331358,-0.0009656027,0.009670173,0.005601717,-0.021255502,0.0090207355
179417,-0.0009807808,0.04017896,0.0016997196,0.020334497,0.02132026,0.03274822,0.022661565,-0.025639912,0.0036948826,0.025786141,0.01858241,0.007236477,0.022380775,0.02321474,0.020489303,0.018139564,0.0017228331,0.062083717,0.031221941,0.03401914,-0.0031543318,0.008853178,0.008366635,0.035138674,0.0048137493,0.018236762,0.030256592,0.005024561,-0.0061606453,0.016277615
179450,0.009550844,0.035818238,-0.002430776,0.0054028723,-0.008177142,0.036625814,0.053276185,-0.021985615,0.017398736,0.0252473,-0.001467648,-0.016154364,0.011666299,0.018690914,-0.023616262,-0.00053674355,0.012177392,0.014900831,0.025338657,0.05203257,0.009397114,0.013892665,0.05367161,0.018750917,0.020273874,0.022463085,-0.0062706755,0.0045385216,0.026980413,-0.0009958171
183160,0.0029107921,-0.009746718,0.016939765,-0.016579496,0.011288789,0.06255252,0.037219424,-0.02451293,0.009347691,0.014024906,-0.00081000914,0.0003449774,0.017334705,0.011110578,-0.008024671,0.004813489,0.026891291,0.0048992042,0.0106821535,0.008537589,0.018533604,0.009680263,0.052115113,-0.024099099,0.03447285,0.055043485,0.03442706,0.02915105,0.038452704,-0.051520105
183161,0.0016486716,0.00515135,0.0033240132,-0.032452237,-0.0068139154,0.0098114675,-0.013249539,0.007222989,-0.007744294,0.0150159495,0.007094773,-0.010323174,0.0043993057,0.0020787986,0.006382007,0.00035052747,0.0109114,0.005815646,-0.014182295,0.024587356,0.027610086,-0.0023256214,0.016766282,0.029968025,-0.0023828018,-0.0051860684,-0.0024094842,0.019500813,0.003181357,0.004712446
183203,-0.020545548,-0.018872855,0.018242696,-0.046462048,-0.017660163,0.01942412,0.017974658,-0.03800122,-0.01190855,0.014497223,-0.009826075,-0.016242454,-0.0062654824,0.0031202398,-0.009311238,0.009970508,0.0066276216,-0.037575174,-0.013649567,-0.008314614,-0.0090328865,-0.015133421,0.018902482,-0.020157227,0.025951423,0.02081019,-0.010616541,0.034508094,0.04269005,-0.04739051
183204,-0.030161334,-0.012741665,-0.0037618969,0.006656755,0.010239653,0.003722123,-0.011366879,-0.01656626,-0.03138883,-0.022759775,-0.015598472,-0.004233593,-0.0067576654,-0.015452075,0.010277081,-0.035877034,0.021154486,-0.024761371,0.0022074163,-0.023761375,-0.018677143,-0.023410708,-0.026226828,-0.027885163,-0.023876024,-0.0023985198,0.01131697,-0.0074925427,-0.009982842,-0.017843163
183245,0.008370127,0.00292317,0.008845161,0.0050129406,0.024909412,0.05726028,0.038572196,0.0041720853,0.0023869134,0.04638147,0.025419727,-0.012121403,-0.010842379,-0.0021171633,-0.008277446,0.005397204,0.0047413493,-0.02844093,-0.009011901,0.014181194,0.021996468,-0.003921694,0.029485917,0.027082011,0.030372145,0.030999033,0.0038236761,0.008233689,0.052301347,-0.022050016
183246,0.011320658,-0.0364674,0.00035279276,-0.013999217,0.0010432858,0.011046776,-0.016454339,-0.00022820942,-0.011755611,-0.0040816143,-0.019395977,0.002599336,-0.010007284,-0.039275628,-0.0076545994,0.0045130104,-0.019217458,-0.026790896,0.009546389,-0.01731998,-0.01683834,0.028575353,-0.018326465,0.007370934,-0.0051985728,-0.008492545,-0.014112257,-0.023981512,0.038198866,0.010360502
183286,0.011556566,-0.01980955,-0.0029287674,-0.022125682,-0.011364185,-0.0054915925,0.0075712795,-0.018841298,-0.03512922,0.00056958664,0.025899172,-0.04958461,-0.003194579,-0.004452376,-0.075962104,-0.048489183,-0.015737122,-0.047570188,-0.025364088,-0.013726859,-0.025060765,-0.01575489,-0.015867127,-0.009009507,-0.027727867,0.007940031,-0.009344291,-0.0428845,-0.018994348,0.005820557
183287,0.04811463,-0.018835293,-0.0007100788,0.0012529815,0.023372874,0.038780496,0.009232764,-0.011163139,-0.019933214,0.01698955,-0.0008597374,-0.03333226,0.024119103,-0.020455288,-0.04238878,0.008400238,0.009944786,-0.016610961,-0.013029434,0.011095003,-0.006061706,-0.025815448,-0.016916016,-0.028759828,0.030733595,0.009598322,-0.025210083,-0.0060854196,-0.0045400527,-0.01391301
183322,0.013557889,0.005475316,-0.0006503702,0.007708514,0.0014438005,0.027964877,0.01574566,0.003075755,0.01810067,-0.0013903021,-0.009523988,-0.028257815,-0.010813288,-0.017363688,-0.02907251,0.0034454714,0.035430912,-0.00585876,-0.053473175,0.01882287,0.015771398,-0.005049013,-0.031515233,0.01305988,-0.019933226,0.0014821384,-0.01963859,0.0056313854,-0.019722199,0.0031818866
183323,0.0035853619,-0.015598393,0.0029416115,0.017900491,-0.016481712,0.007630635,-0.021819182,0.01212525,-0.017260252,-0.00057851523,-0.0072315955,-5.6016568e-05,-0.034165286,-0.007793397,-0.031195315,-0.016134577,-0.022372076,-0.022750253,-0.012742889,0.0022552758,0.010115551,0.023135083,0.018424956,-0.01629801,-0.020353558,0.01925551,-0.016224721,-0.003564895,-0.016686188,-0.008658196
183324,-0.0013500483,-0.028287677,0.0070715123,-0.014691078,0.01667619,0.019811662,-0.0230332,0.024913682,-0.00520733,0.0012518311,0.0059194653,0.00072936557,-0.004478905,-0.024126066,-0.00036115447,-0.03138798,-0.0070296847,-0.027590938,0.032849096,-0.010265254,-0.0029111293,0.002702459,0.0063207042,-0.008551143,0.017459502,-0.0050449823,-0.017357787,-0.022621142,-0.015769033,0.0072307787
183325,0.0056123487,0.0022427645,-0.010518896,-0.023542581,0.016480824,0.012645602,-0.008056707,-0.0058196806,0.0064899293,-0.007875306,0.019838773,0.013562431,0.014952903,0.020155482,-0.006540643,-0.0029566574,0.0066005513,0.004178256,-0.003528978,0.029215492,0.0033777074,-0.0027549367,0.0011303186,0.009886502,0.041224826,0.036757924,0.026209736,0.018764857,0.046446532,-0.0023870207
183326,-0.0045354776,0.011718102,-0.0039804336,0.009023108,-0.022700347,-0.012238669,0.0076798256,-0.0051641366,0.028647894,-0.008721087,0.012273098,0.038179014,0.010723721,0.015893765,0.008058614,-0.014794773,0.0020157415,0.00632949,-0.04449871,0.0013968609,0.011372965,0.006813154,-0.010203324,0.03182468,0.028869852,-0.007692901,0.017037971,0.007496624,0.025224393,-0.00246035
183327,-0.014112984,-0.008938237,-0.0468231,-0.0118948715,-0.012418591,0.017155567,-0.0023472712,-0.0024638448,0.014147688,0.0048672804,-0.028635478,0.02623111,0.019201022,0.00521959,0.009541619,0.019160025,-0.041315515,0.0099807605,0.039161447,-0.0087574655,0.01721036,0.017708678,0.013253945,-0.0011674011,0.050871056,-0.01196929,0.0254279,0.0052495203,0.005318325,0.017214272
183357,-0.00831977,0.013543241,0.0013260035,0.00033563623,0.026993074,0.051504675,-0.011299166,0.017337328,0.0027178542,-0.0010912068,0.008954893,0.045738366,-0.00049142446,-0.004954038,-0.011923164,-0.021361507,-0.02747053,-0.015544326,-0.015772076,0.004572157,0.0026532568,-0.0056509566,-0.0050743357,-0.0030350748,-0.0018407501,0.009969147,-0.007913555,-0.005735208,0.013674273,0.008602888
183358,0.01054791,0.020155646,0.020411275,-0.016369661,-0.0044461745,0.01230015,0.011210774,-0.005750595,0.0025298174,0.008184776,0.01888975,0.021229146,0.012144617,0.014246103,-0.010920432,0.0011371804,0.0009471423,0.013660446,0.03020209,0.024728576,-0.0047981455,-0.0023264855,0.0014624436,0.023862064,0.016965045,0.02541448,-0.0051972778,0.004937465,0.04540417,0.0039760065
186954,-0.039055116,-0.01674545,0.008008975,-0.021292789,-0.019953175,-0.013486747,-0.0259737,0.0005952126,-0.007166695,-0.009837014,-0.033035766,0.0047881543,0.0038883209,-0.022712192,0.017485289,-0.008067667,-0.0015180637,-0.021497773,-0.0014350927,-0.0038408618,-0.009783735,-0.009176521,-0.00086089456,-0.03322827,-0.013774815,-0.005230101,-0.0011873137,-0.017527277,-0.016425362,-0.01781441
186955,-0.007994989,0.017490191,-0.027264321,0.008976069,-0.020121098,-0.026935106,0.03321356,0.018717857,0.001094951,-0.029201604,-0.02490569,-0.007094734,-0.0043193633,0.00030661552,0.03824219,0.011533968,-0.0027782375,-0.0064522945,-0.022391886,0.018687055,0.0069561894,-0.012595355,-0.011163656,-0.028608158,-0.026748465,-0.0016796184,-0.020646356,-0.010439758,-0.0049733776,0.017933348
186997,-0.022299364,-0.025295777,0.0051652244,-0.017388267,-0.017431427,-0.014143217,-0.012338489,-0.011400647,-0.009367223,-0.022710903,-0.020657297,-0.008154481,-0.0027921218,0.022453317,0.010157021,0.0114958165,0.0036075201,0.002234475,0.016585028,-0.010757522,-0.00033190163,-0.022860533,-0.009708095,-0.03348289,-0.016216755,0.010316503,0.0033935376,0.01058579,0.008743603,-0.023672596
186998,-0.032917928,-0.008354164,-0.01838625,-0.022671545,0.009435204,-0.014292342,-0.0077985707,-0.027196338,-0.0022441896,-0.023572328,-0.029532716,0.016245289,-0.019808007,0.00832546,-0.018227288,0.010940023,-0.008218975,0.0053823255,0.0058758855,-0.013952706,0.006379144,-0.01520477,-0.0096796295,-0.051450323,-0.011677011,-0.008881313,0.010477071,0.014950254,0.007160425,-0.02651562
186999,-0.0020444517,-0.0015528984,-0.006446289,0.031198293,0.0073370426,-0.028244426,0.0076424386,-0.039440542,0.0078831725,-0.03791403,0.010942818,0.022909088,-0.0010661142,-0.017882869,0.0046883747,0.0031284476,-0.035865184,0.01174777,-0.0076150666,-0.0047724326,0.009535646,-0.0005019074,0.0059208595,0.017069932,0.025324317,0.0037241478,-0.015477721,0.001087692,-0.0006084442,0.006563522
187039,-0.036613207,-0.024735011,0.016812133,-0.031519193,0.0037554943,-0.011531564,-0.002120965,0.011890133,0.005091484,0.0017659031,-0.020610131,-0.027021537,-0.0129562495,-0.042431787,-0.017976802,-0.015837075,-0.042834606,-0.044696894,0.020044327,0.0013639688,-0.011486241,-0.02071057,-0.010986563,-0.00088990974,-0.025111897,0.014923819,-0.010925953,-0.016909061,0.0030178372,0.01485506
187040,-0.012999865,0.011149369,0.006926667,-0.009379535,0.011276476,0.008604935,0.0023827187,-0.0075666234,-0.0095454855,0.020594547,-0.01889811,-0.0016678075,-0.016136492,0.004818182,-0.012489744,0.0018502665,-0.018281655,-0.016040782,-0.01187634,-0.023113882,-0.0123044895,0.011970093,-0.020738306,0.014696073,-0.015467557,-0.016003415,0.013466629,-0.033369143,0.0151171535,0.0065733846
187041,0.003243841,0.040562812,0.0044793747,-0.00012833237,0.00999828,-0.008506673,0.018034318,-0.009483046,-0.029462233,-0.016956348,-0.0065573514,0.012039218,0.009397231,-0.019370018,0.029373882,-0.014135676,0.022530133,-0.010130868,0.034876954,-0.012044121,-0.0027950627,0.0076953173,0.014353768,-0.023408487,-0.0025384382,-0.0145886885,-0.00050008297,-0.004589218,0.002128903,-0.018033639
187079,0.0066992803,0.0022313173,0.021776939,0.00608948,-0.01414413,0.0112018725,0.01194241,-0.026290856,-0.01846463,-0.016746502,0.0047927666,-0.017007066,-0.016838783,-0.008678134,-0.027110016,0.0019240702,-0.028116116,-0.041344754,-0.020336434,0.027639978,-0.010711823,0.004897807,-0.017175568,-0.002014525,-0.030855281,0.0136783635,-0.0069743586,-0.006986397,-0.030601254,-0.00456603
187080,0.0060816533,-0.009451522,-0.020910835,0.029712744,0.004905528,-0.0052111396,0.0035867775,0.029811254,0.00080713443,-0.006175889,0.014846233,0.0005960317,-0.00014031616,-0.00071435823,-0.011061673,0.028299807,-0.015632467,-0.012381514,0.011911359,0.0055561154,-0.0057520606,-0.01134624,-0.042315055,-0.0040267007,0.0065367823,0.010345869,0.006197559,0.015505229,0.006594313,0.018735088
187081,0.010858875,-0.0073727057,0.0022181745,0.017758777,0.0035150622,-0.00078818266,0.013018121,-0.04010319,-0.0031262569,-0.0032545782,0.013650951,0.012075224,-0.011858129,0.017765973,-0.015432882,-0.012655371,0.033362266,0.015427704,0.030924136,0.025122628,-0.027995229,0.007660523,0.0064202845,-0.019228036,-0.02694332,-0.009522951,0.008760429,-0.008924496,0.00920265,0.011493812
187082,-0.010067202,0.03273208,-9.0600304e-05,0.006158332,-0.025251359,-0.018303553,-0.016709747,-0.022302898,-0.0045993305,-0.011160779,-0.0044609737,-0.00019847136,-0.0031552964,-0.0010017833,-0.00906911,-0.01816104,0.019322673,0.0017252365,0.028640911,-0.007222406,-0.0084655145,0.010067648,0.019551324,-0.014149577,0.017107168,-0.0058586183,-0.002669383,0.0020001996,0.03168356,0.011639566
187083,0.004328367,0.027565645,-0.019667929,-0.01721683,0.0070500975,0.014105667,-0.028309627,0.027158862,-0.008781306,0.005621118,0.009631013,-0.027895005,0.024268916,0.00120025,0.04226777,0.026225997,0.0023839797,-0.030658029,0.007608849,0.021087954,0.020781478,-0.0019905383,-0.009760424,-0.005867362,0.018488968,0.02053368,-0.02579364,0.021086356,0.009356979,0.023355305
187114,0.024694128,0.0028010253,0.0008550052,0.0037319309,-0.013453743,0.0047437726,-0.009615567,-0.025978858,0.012622674,0.025049774,-0.014698244,0.0028642442,-0.0133913765,-0.016496394,-0.024377443,-0.011016823,0.032002617,-0.010199164,-0.031190285,0.0126142455,0.0042127105,-0.0032461556,-0.01059515,0.011010625,-0.012112037,0.012617458,0.011191473,0.021937408,0.0019035651,-0.023244536
187115,-0.013007447,-0.010583095,-0.0043178014,0.01650293,-0.0061096884,0.017345097,-0.015791306,-0.018524425,-0.012939486,0.012934361,0.0052666944,-0.006360102,-0.005126829,0.012242633,-0.012682249,-0.0088861985,-0.00012595516,0.008550183,0.015063117,-0.012764002,-0.010213937,0.009388176,0.01901062,0.0055075064,-0.020495111,-0.0005633629,-0.016255224,-0.00961496,0.0077398536,-8.330742e-05
187116,-0.001525123,-0.0032127828,-0.015630843,0.018660937,0.025697805,-0.021661436,-0.0008187185,0.014323778,-0.013420115,0.017145863,-0.01651533,-0.0058999616,0.005376413,-0.0016490623,0.00041843764,-0.0030217727,0.022316834,0.009863871,0.019035058,-0.009904502,-0.006648471,0.0069701336,0.004426118,0.009186053,0.0005023985,0.0048127766,0.0005369627,-0.009182459,0.027071638,0.017449753
187117,0.044173375,0.0496438,0.01421114,-0.029976703,0.018774837,0.015460316,0.03508744,0.029030407,0.0049558147,0.0382757,0.012166157,0.012608501,0.027098149,-0.0012076037,0.013003662,0.0075165853,0.020867271,0.0068343873,0.021194315,0.01689501,0.022644037,0.04097746,0.039835863,0.038005326,0.02060532,0.04059374,0.016135925,-0.012648995,0.062169913,0.01728169
187118,0.008506292,0.022955408,-0.018548265,-0.014132078,0.008335653,0.033159185,0.027684862,-0.017821748,0.015107027,0.018870935,0.0074847764,-0.004477118,0.022715501,0.03218906,-0.0055462695,0.008330032,0.024035046,-0.01573014,0.009715914,-0.029831083,-0.0010511152,0.018744694,0.00968242,0.033837173,0.016734922,0.029485531,0.05212039,-0.035177268,0.011241964,0.009970602
187149,0.00028132767,0.022730684,-0.0052638515,0.038747247,0.040278327,-0.0048973844,0.02340796,0.051213622,0.006446202,0.015683895,0.005928328,-0.012793325,0.000974861,-0.00029117157,-0.0077128964,0.022554232,0.021835923,0.0020827765,0.0045317872,-0.02454675,0.0032385953,0.008378505,-0.018437425,0.006558422,-0.0024503327,-0.0008501487,0.013502003,-0.014925267,0.03856909,0.018525021
187150,0.046970014,0.07553946,0.019704124,-0.020729112,6.4508524e-05,0.019244015,0.044385802,0.028836653,-0.014310383,0.029542198,-0.00398213,0.032459397,0.006890422,0.015464381,-0.02263396,0.019235343,0.00729463,0.030780122,0.0048104613,0.007604566,0.004237397,0.038375895,0.044259626,0.039121132,0.024821656,0.039900377,0.032796044,-0.032014966,0.04940559,-0.00449048
190643,-0.016333073,-0.013417237,0.01737678,-0.027326914,-0.014762622,-0.021692334,-0.013234142,-0.006620258,0.0021268092,0.0036047995,-0.029144784,-0.012809493,-0.0034511879,-0.032631285,-0.010792988,0.0029294153,-0.021472415,0.0047049853,-0.02017763,0.034224346,-0.028368993,-0.009311273,-0.010020076,-0.036559347,-0.021219261,-0.019333271,-0.0150959,-0.013676613,-0.039619032,-0.02512583
190644,0.005706901,0.00074976153,-0.020452814,-0.006708922,-0.022631735,-0.022348618,-0.0015895149,0.024463916,-0.02982839,-0.014720365,-0.035481263,0.010991737,-0.018700732,-0.014427636,0.026340516,-0.0070249643,0.0275971,0.015034496,-0.0042390167,-0.023750516,-0.026249072,-0.018232409,0.02980139,0.011346742,-0.034194365,-0.019880276,0.011872097,0.013512003,0.037584875,0.013910172
190685,-0.006820395,-0.036516342,-0.0019621782,-0.008895328,0.01125211,-0.0022120532,-0.04121262,0.0033321374,0.011027453,0.0012691269,-0.00023010063,-0.011896628,0.021861533,0.012416229,-0.033550743,0.008568728,-0.0060228235,0.0042837514,0.03592144,0.026823603,0.015895925,-0.011998928,0.007819059,-0.0032543393,-0.0026428292,0.012118064,0.009824975,0.015481732,0.008683586,-0.0028156415
190686,-0.011300755,-0.017430745,-0.012509105,-0.0028127788,-0.014859191,5.8201454e-06,-0.0025757467,0.006735844,-0.014641594,-0.012884643,0.007381437,-0.005794021,0.0039184843,0.014128481,-0.0043088733,-0.019790843,-0.026806353,0.0050088414,-0.0057918406,-0.013243467,-0.003997808,-0.009798366,-0.014262199,-0.054977804,0.027262518,0.0063139,0.0012718104,0.0086362,-0.024049811,-0.030744523
190687,-0.0074376366,0.0043828483,-0.028578358,-0.0044591576,-0.0019632198,-0.03704916,0.0034128868,-0.0011362545,0.0014171712,-0.030197553,0.01152991,-0.021299683,-0.01252525,-0.008756747,0.012101997,-0.021266997,-0.028620975,-0.018377552,-0.0016873494,0.0012659816,-0.00731648,-0.018335046,-0.01361438,0.0038125839,-0.010281446,-0.008534005,-0.0061163493,0.017952068,0.0032118885,-0.04091498
190725,0.0073482525,-0.018424558,-0.011595671,-0.013369362,0.013024698,0.009080932,-0.009050365,-0.002051341,0.020612225,0.007487053,0.00355177,-0.019661607,0.023132294,-0.0025535165,-0.0020519707,-0.011841445,-0.016308928,-0.006313646,0.01909346,-0.013083096,0.0045961984,0.0017894354,0.014979147,0.03668462,-0.01535999,0.0016658679,0.0029116173,-0.0066183396,-0.0012025222,0.0173363
190726,-0.026960513,-0.008879068,-0.0070559774,-0.017057493,0.001909508,0.016266966,-0.023617791,-0.021600371,0.0013124781,-0.01604842,0.020395068,-0.02959341,0.0013080927,0.025982516,-0.02702023,0.014145928,-0.03390995,-0.005479719,-0.02755352,-0.0015585503,-0.007307665,-0.014128876,-0.010296497,0.0042425985,0.021024197,-0.020246422,-0.045003552,-0.017052762,-0.044640686,0.039242912
190727,-0.012294523,0.040907945,-0.037115842,-0.009677421,-0.023461027,-0.023643097,0.010873877,-0.001511169,0.0030598417,0.008447746,-0.012947172,-0.037766527,0.004869674,0.016574867,-0.010354951,0.012335476,0.010170144,-0.008875401,0.000375002,0.02279547,0.021313088,-0.0068519316,-0.01612659,-0.018658482,0.008063354,-0.012239757,-0.008185521,0.0076236557,0.021151876,-0.02331262
190728,0.044340935,0.01342158,0.0008358608,-0.006130321,-0.009283139,-0.020545505,0.009733875,0.00524181,-0.0076980093,-0.0152571425,-0.015449002,0.015124816,0.018480005,-0.0006392048,-0.010283654,-0.01281036,0.024537416,0.018895833,-0.008131664,0.009666462,-0.0004640542,-0.0015618108,0.009238298,-0.0006866846,0.015028864,-0.012732395,-0.0066611227,-0.02517919,0.0053560436,0.004387283
190764,0.04740103,-0.014694091,0.0029667106,-0.0041476022,0.016705753,-0.011361372,-0.028160168,-0.027006002,0.0022098522,0.029813884,0.0111246705,0.006416148,-0.022896903,0.0009518624,0.0048631052,0.0026370678,-0.039535027,0.0012612737,-0.019023513,-0.030571075,0.0010358244,-0.02029297,-0.008291903,0.005589332,-0.0014073914,0.013840674,-0.008121609,-0.020110508,0.015711011,0.026443103
190765,-0.0024263926,0.0060473937,-0.011866867,0.004309783,0.002733386,0.0059517603,-0.0089203585,-0.01682957,-0.00066120323,0.02464433,0.007306035,-0.027422378,0.0028359492,-0.0035557065,-0.0133308545,0.021105327,-0.029668955,0.015894398,0.021560242,0.009564892,0.022346599,0.014077191,0.010721647,-0.009468014,-0.019612232,0.007509198,-0.021906083,0.0048836055,-0.02118632,0.010398224
190766,-0.0030078785,0.0024967447,0.022534788,-0.009299023,-0.014510552,-0.0011000065,0.031944677,-0.0051807608,0.0024166165,-0.0007742215,-0.009975386,-0.023023082,0.0060899504,0.0056202137,-0.015522142,-0.024240525,-0.004896454,0.00068482506,0.008975922,-0.0033104147,0.0015152799,-0.018283602,-0.0019362997,-0.015752742,-0.000863757,0.014857131,-0.004077839,-0.011682705,0.0074715293,0.013501495
190767,-0.006749727,-0.00059846975,0.015031286,0.004956517,0.025747947,0.008215287,-0.00067643385,-0.0054892115,0.003169765,0.00037012072,-0.015672578,0.010613777,0.0005166759,0.003202257,-0.0040198253,0.003882669,0.009979621,-0.02713045,0.011282444,0.008121475,0.0062646535,-0.0038497646,-0.010397115,-0.0074899117,-0.029728813,-0.0053651407,0.024495134,0.006291716,0.02041992,-0.021401344
190799,0.00024534328,0.00087316707,-0.016291142,0.03492763,-0.0026234128,0.012668676,0.0077941506,0.014498624,0.021013176,0.006943515,0.052545372,-0.02838085,0.004053231,0.0037387183,-0.006579855,0.003478325,0.01679152,0.003693848,-0.05709782,-0.03827663,-0.006610822,0.010484691,-0.007719887,-0.0072079077,0.006264147,0.024652123,-0.032649923,-0.00042554052,0.011052504,0.016052067
190800,-0.009424356,-0.000612136,-0.016292278,0.009505268,-0.010420972,-0.009530128,0.030249482,-0.015137855,-0.001605122,0.022175068,0.042298216,-0.0041578845,0.002138357,0.004021218,-0.01180441,-0.02558884,0.0059996597,0.011368285,0.007909132,-0.027091397,-0.018105902,0.007762697,-0.0076095015,-0.002757146,-0.012163386,0.012683683,-0.00035094097,-0.027501673,0.017861957,-0.04265343
194214,-0.019863112,-0.02558364,-0.015891569,-0.0014171313,-0.022237668,-0.01883201,6.678762e-05,0.00037127966,-0.0055790935,-0.021408701,-0.01820484,0.0016399277,-0.026574736,-0.007706635,0.015500112,-0.008959257,0.0070651458,-0.015833804,-0.018200926,0.01106672,0.012760627,-0.028448822,0.0044566626,-0.0077012577,0.005234027,-0.006612396,-0.023863899,0.01849381,-0.002533379,-0.0011499621
194215,-0.017461078,-0.0047207912,-0.047347743,-0.030333549,0.008164725,0.012785631,-0.036811225,-0.035623286,-0.013548247,0.0085734995,-0.026920527,-0.0062336116,-0.013362783,0.0048592356,-0.01629323,-0.0062896996,0.0160781,-0.0009463802,0.0005854142,0.011002772,-0.008877784,-0.0038870007,-0.0099675665,-0.02170781,-0.00017041713,0.0078062564,0.008032997,0.024440704,-0.00404556,0.013091724
194254,-0.0017123293,-0.0004864453,0.009632141,-0.0040844902,-0.031274762,-0.0075156987,-0.010109928,0.009604578,0.018081041,-0.022507938,0.00583058,-0.028863154,-0.013933626,0.0058754967,-0.0027747161,-0.030197436,-0.027410312,-0.016185388,-0.02353525,-0.02003431,-0.012861248,-0.004790882,0.04879631,0.001692531,0.01735788,0.013841593,-0.016219564,-0.028306378,0.002634188,0.008873981
194255,-0.023915581,0.02410919,-0.015064354,-0.011750199,-0.0016965388,-0.034963142,-0.0039790426,-0.011636649,0.02879832,-0.013206431,-0.00092163746,-0.011698167,-0.011120995,-0.021095136,-0.020828966,0.027057996,0.0062601888,-0.004321497,-0.022714416,0.019896308,-0.014729477,0.0007120799,0.0002662173,0.014003062,0.013177467,-0.0060351,-0.00936992,-0.009647471,-0.0125409765,0.0052396227
194293,0.009319923,0.0002771318,0.010540892,-0.022852672,-0.028686598,-4.40112e-05,-0.008906193,-0.027739028,0.004110342,0.008206416,-0.00017734866,-0.037040614,-0.0051113274,0.013489477,-0.009321149,-0.012981866,-0.03087836,-0.0004099031,0.009489771,-0.03674322,-0.011050752,-0.008185506,-0.0067352173,-0.025702218,0.0053347237,0.0031141567,-0.026823007,0.0060041603,-0.0065820212,0.0112316245
194294,-0.004227415,0.036130417,-0.0029346102,0.0028414696,0.0013540635,-0.011927041,-0.0058242665,0.016180025,0.023266034,-0.0077023613,0.009167796,-0.009689756,0.005053992,0.0022534044,-0.031119175,0.009766915,0.009913729,-0.0043342016,-0.029511176,-0.005108792,-0.0042760484,0.011401954,0.02518244,0.024131497,0.0010954619,0.0010906932,0.024911692,0.006574929,-0.015291363,-0.010680367
194329,-0.0037901755,0.0036545258,0.002080173,-0.048337016,0.020260192,-0.01610693,-0.014799391,-0.037486304,-0.014425286,0.0007014011,0.0036866174,0.0036536644,-0.027267516,-0.0021809624,-0.014703188,-0.008818847,0.0035239544,0.0004884714,-0.009693635,0.0012362814,-0.010759402,-0.007340584,-0.017390009,-0.03325145,-0.047395587,-0.003963692,-0.026706338,0.030935401,0.012210597,0.010322672
194330,-0.0014574043,0.013648617,-0.020517292,-0.0029067937,-0.015644446,-0.0019487363,-0.014975005,0.009386619,-0.02328846,-0.008805907,-0.015708936,-0.020096166,-0.0040598926,-0.004597056,-0.032830123,-0.05694655,0.023380307,8.713392e-05,0.0132138925,-0.00465545,-0.012164961,0.0047707236,0.022185316,0.0012264643,-0.03714036,0.0022057842,0.017324602,0.023512365,0.010178463,-0.027964601
