,cat,camel,bird,giraffe,monkey,donkey,kangaroo,rhinoceros,elephant,raccoon,horse,cow,leopard,rabbit,goat,lion,turtle,zebra,dog,frog,sheep,tiger,ant,alligator,deer,penguin,bear,squirrel,fish,bee
22528,0.03416886,0.014060701,-0.023488656,0.01731585,0.026208477,-0.018259548,0.012339753,-0.00076359016,-0.0012293687,0.030525386,0.011906615,0.023643129,0.02246005,0.0052136616,0.00821372,0.017288078,0.03520919,0.03890822,0.039781686,-0.016291048,-0.020889081,0.030703567,0.04671392,0.02180666,0.00414136,0.004581424,-0.012508404,0.014153109,0.045481738,0.03892878
25412,0.025414364,0.029727854,0.03115725,0.036652047,-0.00048976555,0.047338862,0.009382189,0.010186616,-0.0071876906,0.008668746,0.03157759,0.009104542,0.03762127,0.013370835,0.03725122,0.0018669153,0.003847165,0.033990484,0.007282892,0.006984363,0.015827777,0.04693921,0.033432674,0.038166948,0.049667988,0.023167426,0.0069418177,0.022283345,0.036086336,0.04369809
25439,0.037648324,0.02042813,-0.0070524556,0.020878406,0.03345577,0.04999383,0.03624591,0.0048876964,0.037863366,0.020142926,0.024301574,0.03258306,0.035501715,-0.007238042,0.041773632,0.02166502,0.021679943,0.060171623,0.06537242,0.004679972,-0.028364927,0.040487316,0.07788203,0.031231888,0.01701924,0.054145053,0.01626336,0.025160776,0.044161525,0.05703488
28429,0.032428063,0.02754912,0.007827127,0.027597165,0.020821678,0.009663816,0.009374767,0.038106546,0.012971912,0.06570282,0.03693575,0.011456016,-0.019483566,0.020286623,0.030179664,0.011156716,0.022208693,0.019336462,0.02447326,-0.009451118,0.011943628,0.06259316,0.08082683,0.037729222,0.010215858,0.0529571,0.029880248,0.029291624,0.012776325,0.047815267
28458,0.034751587,0.017630527,-0.0052599213,0.03254172,0.012105771,0.033176206,-0.010484236,0.002727248,0.026842957,0.026269777,0.02428928,0.0066509205,0.03491632,-0.0001698599,0.036614917,0.0045003006,0.015129305,-0.006987985,0.065350525,0.0170996,-0.0010492261,0.0154208215,0.034905717,0.040855948,0.020667687,0.003981775,-0.015768891,-0.0056234635,0.0052201734,0.028155165
28459,-0.0013185497,-0.015231763,0.018024743,0.014874277,0.016170936,0.016797509,-0.011535868,0.001411302,-0.012544033,0.011981532,0.0141066285,-0.0035663992,0.020588007,-0.0016128188,-0.022399738,0.01696599,0.0036589364,0.03741427,0.0023227297,0.0043609315,-0.0036053713,0.0002717996,0.009859394,0.0031156733,0.0016782467,-0.0055440967,0.026718477,0.016273687,0.03230327,-0.0131897405
31542,0.020848284,0.03253879,-0.007923427,0.028801844,-0.016240088,-0.014964509,0.016757987,0.0034511716,0.014031135,-0.0031050388,0.00020942434,-0.013948646,-0.0014401056,0.02396652,-0.016682262,0.001931029,0.020425605,0.030183455,-0.015470415,-0.008071455,-0.012697958,0.0115628205,0.00055088085,-0.005310824,0.008806101,-0.016763499,0.016572615,-0.0029316351,0.0020351422,-0.024162238
31572,-0.00020239067,0.042191613,-0.025634699,0.012288968,0.022922844,0.012533303,-0.0063416176,-0.017285896,0.014514458,0.0025460108,-0.009584429,-0.008546967,0.0097958995,-0.010671505,0.01156881,0.014867852,0.01396316,0.023916652,-0.010944451,0.01389695,-0.0029918526,-0.021018602,0.03608735,0.021807393,-0.012020152,0.012134616,-0.022263877,0.002392012,0.015413291,-0.002941
31606,0.010747068,-0.0028528348,-0.015922958,0.02540707,0.01877889,0.011871505,-0.0043513766,-0.007386463,0.0008180093,-0.0074495575,0.023342155,0.0073163747,0.040340375,0.0029018216,0.007789792,0.012026377,0.017712709,-0.0020093883,-0.015261315,-0.013092705,0.012532947,0.015921509,0.01317132,0.008394339,0.015542229,0.0031379303,0.012237226,0.0107645765,-0.0016461574,0.033652645
31642,-0.014295411,-0.026245816,0.0027934576,0.048136685,0.012544784,-0.037269883,0.024865277,0.021031072,-0.0080189025,0.042521846,-0.011631296,-0.022122838,-0.018435104,0.004898807,0.0037138443,0.0016375097,-0.012553376,-0.0013546279,0.0048354603,-0.002942255,-0.030879403,0.027632067,-0.021490892,-0.021987395,-0.0022627974,-0.008101005,0.039704558,0.024581863,-0.0015327513,0.025932327
31679,-0.007659566,0.014925209,-0.02492016,0.038549524,-0.0013851997,-0.009098572,0.010858742,-0.0026707184,0.02595823,0.010770194,0.016653446,0.0018833331,-0.0022433905,0.00045777252,-0.012830851,0.016033469,-0.017794143,-0.0012436887,0.03939594,-0.0022352443,-0.005713278,0.02301346,0.005548408,-0.0108417785,-0.04235853,0.013476539,-0.0076584243,0.021418268,0.00056420825,0.018137926
34779,0.03340493,0.03712382,0.010217666,0.06092039,0.031549923,0.018748946,0.014967077,0.00220051,0.05177996,0.02276832,0.04189418,0.014987373,0.03654853,0.00812927,0.02817318,0.034643576,0.016780319,0.04700156,0.048317954,0.012939621,0.008696691,0.023509754,0.08589428,0.04929127,-0.011628192,0.029256398,0.050096203,0.017379813,0.014143635,0.028542258
34814,0.044008214,0.023620702,0.0028802555,0.083103575,0.03234547,0.00041456157,-0.0104565425,-0.00882106,0.008552398,0.06296001,0.03533506,-0.0028928115,0.012047652,0.004433,0.01567496,0.019416941,0.028066913,0.027625792,0.03902811,-0.029602284,-0.017848397,0.029518152,0.07330335,0.053139526,0.024211533,0.011433069,0.037419714,0.014422014,0.009762075,0.061593328
34852,0.03625657,0.015359082,0.012083947,0.03182864,-0.003544947,-0.015124227,0.014003798,-0.0014118156,0.026097307,0.029245757,0.0030266235,0.0045945705,0.0035096202,0.0066740327,0.0221783,0.025658065,0.039632425,0.018142011,0.0016260237,-0.0009034456,-0.00408088,0.028937789,0.08580183,0.025528966,0.018345067,0.013594561,0.03277452,0.040449772,0.009498118,0.014031316
34853,0.02414837,0.017389035,-0.010186061,0.01650807,0.0032465085,0.0022475182,-0.014994572,-0.0003112699,-0.012856432,0.0043431055,-0.014308273,-0.023501955,0.0024470375,-0.008856394,0.019561665,-0.0092604505,0.032629613,0.011420674,-0.003298511,0.030340299,0.001646587,0.008410263,0.010868597,-0.00080586225,0.022731036,0.02870044,-0.0038884848,0.003770393,0.002543455,0.0013041921
34891,0.029204631,0.009485534,-0.030579947,0.04059953,0.004885618,-0.0038472787,0.0076117725,0.0019194223,-0.009064903,0.0043477905,0.023006417,0.0012762804,-0.031227134,0.001455355,0.022499377,-0.004921229,0.033389077,0.04428403,0.034989838,-0.007941814,-0.002615262,0.02145846,0.05927864,0.02992843,0.027466841,0.015706971,0.022116939,0.017410118,0.016002284,0.01558695
34892,0.02942265,-0.0066368803,-0.016323501,0.0028942234,-0.027439246,0.010205422,-0.024953278,-0.0056219697,0.0037018154,-0.021287432,-0.0065686717,0.019504918,0.010118428,0.008888724,-0.0038361584,0.008927562,0.006147806,-0.016363768,0.010977455,-0.025714435,-0.00732361,0.0077167223,0.015337671,-0.022990128,0.021324513,0.009087836,0.019381901,-0.020478971,-0.015064052,-0.0050380896
34934,0.017922254,-0.018676152,-0.005790908,0.023613447,-0.0059243026,-0.019249748,0.023227321,-0.010595702,0.004920527,-0.00012218021,0.021962762,0.01245508,-0.021352336,0.01805931,0.012340251,-0.00021623199,-4.2198535e-05,0.02443804,0.04335539,0.007685181,-0.0019085245,0.030100413,0.045375016,0.020634696,0.0062136166,0.022482475,0.052162725,0.005193697,-0.017186353,0.011728692
35036,0.033559125,0.026897216,-0.035399836,0.022503285,0.016347503,0.012049143,0.014370619,0.01271038,0.004795753,0.00914748,0.018941412,-0.009613284,0.004908983,0.007118542,0.010244055,-0.015469804,0.020912996,-0.0029544039,0.012253423,0.010516324,0.016515767,0.023781396,0.04416572,0.0057351682,0.016695328,0.035641734,0.0009057343,0.00546032,-0.017088141,0.012902203
38098,0.046133112,-0.0028837025,0.008037107,0.026139861,0.0020688924,0.032809284,-0.012960543,0.0033243608,-0.010023224,0.011546902,0.02038995,-0.008386053,0.011169575,0.026728587,0.018494098,0.029694816,0.015592854,0.0030954685,0.03125501,-0.00029210994,0.017394863,0.036140945,0.02693968,0.034098618,0.013882791,0.04269983,-0.0024979955,-3.4038287e-05,-0.011934713,0.021089109
38102,0.011628826,0.03009444,-0.009820117,0.004043913,0.017323572,0.03318183,0.033190385,-0.01314912,0.016404537,0.020006768,-0.00078050204,-0.030886983,-0.012666726,-0.021310518,0.00925583,-0.0030361887,-0.0301357,-0.018485293,0.0128920935,0.0052677845,-0.014421494,-0.0009820997,0.037033975,0.035599574,0.012085834,0.015107051,0.008607359,0.01606807,-0.008423883,0.008802456
38135,0.013523462,0.010173504,-0.004690535,0.0076361015,0.0006582926,0.022869935,-0.014465098,-0.0070741843,0.013251185,-0.013162363,0.023037741,-0.0046729543,0.018855335,-0.005735129,-0.0046026874,0.040078472,0.013027288,0.025972037,0.03848852,0.036889832,0.028587759,0.027596002,0.055080857,0.03472199,0.022832232,0.025437914,0.020278888,-0.018514067,-0.0063012727,0.02929958
38136,0.025883937,0.014930009,-0.01463862,0.011609278,-0.0031120952,0.016634492,0.008354102,0.0021084342,0.012845368,-0.0037842065,0.016122323,-0.0040244213,-0.014845463,-0.020968966,0.0155587485,0.025143638,0.0029601874,0.022701258,0.02066505,0.011372593,0.010215432,0.023160145,0.03560428,0.016688598,-0.010502812,0.0053020106,-0.003998085,0.018101571,0.011851848,0.0358882
38137,0.012440621,0.0026260566,-0.020476697,-0.00047421307,-0.012327426,-0.0011202293,-0.022965906,0.015225213,-0.013153282,-0.012612087,0.000848532,-0.019365748,-0.04959179,0.0042259507,-0.013108879,-0.011573672,0.01734644,0.007826931,0.022206446,-0.022939024,-0.003619834,-0.012082294,0.020625211,0.00030855337,0.009839023,-0.0011282774,0.0100523075,0.013451976,0.009452197,0.030437648
38140,-0.004284019,-0.014825749,-0.038322147,-0.02451959,0.0038455194,0.010714154,-0.021039253,0.01086053,0.025425732,0.0039594173,-0.012217724,-0.010680263,-0.04962124,-0.013861373,0.018504323,-0.034756344,0.020590795,0.0008411811,-0.009949213,-0.017507344,-0.007660929,0.0020033245,-0.0061167213,0.013072132,-0.012715653,-0.018473111,-0.03980881,-0.008426591,-0.011294047,-0.023633162
38176,0.0036287243,0.0041936594,-0.0052669556,0.013978732,-0.0065145977,0.010177155,-0.0021412037,-0.018112415,-0.0011570571,-0.03227624,-0.019316072,-0.012214147,-0.010064097,-0.017728468,0.023188591,-0.011892865,-0.004101481,0.025214372,0.0337115,-0.019771162,-0.002801242,0.03271214,0.031947073,0.04021124,0.02694787,-0.02822117,0.0064795706,-0.0040357113,-0.022921823,0.0069336942
38177,-0.0031318536,0.013449929,-0.029546222,0.017210783,-0.0031142223,0.035452913,0.02625004,-0.0043221456,0.0010802842,-0.019474981,0.001842952,0.02321701,0.0021452766,-0.011143315,-0.007875781,0.0032804348,0.036868483,-0.0020572203,0.010926968,-0.013890757,0.023403145,0.033458624,0.049401555,0.01805927,0.020876892,0.0020564015,0.031486183,-0.004815039,-0.031306427,0.026874991
38178,0.012994214,0.031894356,0.0118753975,0.021349026,0.008916929,0.016082836,0.005145576,0.02063922,0.008014935,-0.013383835,0.018618705,0.0067690983,-0.001429351,-0.0028659787,0.020924391,0.01867281,0.030572006,0.009408904,-0.006753868,0.00037923284,0.02689788,0.015563638,0.051850244,0.013589342,-0.003828274,-0.011195093,0.052627984,0.0170131,-0.016003719,0.034820125
38179,0.014567616,0.010962561,-0.0020850024,-0.018776987,0.0002329452,-0.0020611193,0.0045705363,-0.023782363,-0.0019976578,-0.003933592,-0.002115943,0.006209733,-0.014495169,0.008116541,0.024156423,-0.0027641486,-0.0123823555,-0.017094536,-0.005283833,0.01185885,-0.01199805,0.013684613,0.03909576,0.026530093,0.006724369,0.0063393987,0.0047045616,0.02506552,0.018869484,-0.010214961
38180,0.017208872,0.0021570083,0.0075736665,0.013837825,-0.0020720058,0.011580195,0.019484801,-0.022655314,0.019875644,-0.017817697,-0.011924935,-0.027830208,-0.044437323,0.0014689555,0.000917231,-0.03687218,0.013444102,-0.017272184,0.043716516,-0.0141859865,-0.0069067366,-0.0020880818,0.02213764,0.0023541024,-0.017680734,0.017663425,0.006446205,0.024205118,0.0026791664,0.0144977225
38181,-0.0047484986,-0.023407742,-0.013268749,0.017034518,0.028498756,0.049658883,-0.007975181,0.0017665277,0.015579104,0.0052969973,-0.022032015,0.0011221495,-0.0068886266,-0.0016052298,0.01970175,0.009792198,-0.006171807,0.00553958,0.018497238,-0.03825631,-0.0029343178,0.004163591,0.045226354,0.005494524,0.024701014,0.03937953,0.016803414,0.010618015,0.0023360292,0.03735202
38182,0.014194604,-0.013628672,-0.004938268,0.029736524,0.014888964,0.0072230883,0.010293188,0.013553566,0.029859552,0.026577726,-0.02156222,-0.027418435,-0.014403808,-0.011768281,0.026090845,0.040400725,-0.010671762,-0.012764465,0.0015909324,0.013587516,-0.011854584,0.013822547,0.029216284,0.007825271,-0.009916131,0.00301643,0.0077361427,0.0031410176,-0.006861817,0.03164747
38183,0.0011848052,0.023805773,0.001320694,-0.0023895372,0.003431624,0.007876351,-0.0046337345,0.01844252,-0.0078697,0.020105265,0.0050847153,0.001294182,0.013157482,0.0013549138,-0.013384384,0.03605044,0.03591885,0.017189454,0.01169916,-0.019196318,0.013210044,-0.018816503,-0.0028197013,0.0022484206,0.00075288705,-0.032698892,4.9415354e-05,0.027677173,0.0010895409,0.014429997
38224,0.018247647,-0.012668724,-0.003805832,0.012554263,0.021947498,0.025584243,0.0053483397,-0.017537752,-0.008982171,-0.01359858,0.03759573,0.017553676,0.0029763046,0.017413583,0.0136435805,0.02500306,-0.016811507,-0.014196172,0.020321893,-0.030141367,-0.028959572,0.03508998,0.029452851,0.027996441,0.015462826,-0.00939452,-0.02070686,0.020806327,0.014072853,0.012185156
38225,-0.008534428,-0.017841129,0.017447557,-0.0028385895,-0.0014205488,-0.0061263754,-0.021499023,0.022429029,0.017398246,-0.011988378,0.024229651,-0.0036477789,0.016841345,0.0059886253,-0.006607352,0.010356575,-0.0031866014,0.0038291004,0.02104042,0.0058600153,-0.0032207267,-0.019483404,0.044138446,-0.009232049,0.014795032,-0.014894921,-0.0033475317,0.016907267,0.017660586,-0.025752252
38228,0.0070713065,0.0143008875,0.021979602,0.01942695,0.02952364,0.020649819,0.038545784,0.0032457511,0.027530124,0.011354316,-0.0061014965,0.00044158296,-0.013535894,-0.0015772382,0.013889316,0.007826624,0.036829043,0.007994513,0.024288908,0.0071534305,0.017107997,0.034968283,0.006068939,0.0076796846,0.03466211,0.035009325,0.022919627,0.013523961,0.03561468,0.0038106341
38271,0.023340404,0.0022132806,-0.03215802,0.050650854,0.011497683,0.025237208,0.014151052,-0.0015322684,0.0051558595,0.0087119965,0.005740508,-0.0011624878,0.036691885,0.021600222,0.02068728,0.018587671,0.002956902,0.02396427,0.044595856,0.026573608,0.010651763,0.03522673,0.038096577,0.041197803,0.014935904,0.035297636,-0.0039294884,0.029489124,0.03656253,0.039113317
38272,0.008874907,-0.008156664,0.01377922,0.0033684205,0.01669853,0.005824739,-0.006456385,-0.015288777,-0.017921064,0.011122815,0.015154,-0.006849239,-0.01475976,0.009433811,-0.0050036,0.025650093,0.025849342,0.0043188385,0.006287504,-0.00635466,-0.015734425,0.003420049,0.0382507,0.012172524,-0.007210262,0.016968269,0.0017764107,-0.008704316,0.0015381804,0.027655212
38275,0.042309534,0.018888213,-0.004066473,0.030943954,0.042732865,0.04693942,0.054081142,-0.01679947,0.03804326,0.04801698,0.017860854,0.02154068,0.013981718,0.032885738,-0.0018602754,0.020385724,0.005085885,0.032037627,-0.00938633,0.020760315,0.0073746056,0.037671518,0.0106651755,0.05390824,0.012578537,0.025723092,0.010659247,0.0056784493,0.02953671,0.049317632
38276,0.023119604,0.029997416,0.023309365,0.044158805,0.04544198,0.016434707,0.04051907,0.027929828,0.023889974,0.014617391,-0.0012185579,-0.0020565582,-0.0013214307,0.0293687,0.016091328,0.017542554,0.020507118,0.0132201305,0.01940468,0.021745408,0.033829372,0.067123786,0.052176025,0.054009333,0.046859186,0.040030964,0.020370698,0.0035512913,0.035391767,-0.0035667953
38323,0.021625375,0.018555248,0.0055984394,0.03039967,0.0016878303,0.0138545735,0.005441994,-0.030876575,0.023394948,0.03209446,0.03081425,0.010896902,0.0014427142,0.014683793,-0.015535996,0.028837949,0.0554498,0.040850487,0.0057656597,0.033556722,0.012457729,0.02240269,0.053498045,0.003848587,-0.013317153,0.011312049,-0.009090121,-0.017736657,0.023170948,0.035225198
38324,0.002133499,0.007492998,-0.027844021,0.028536895,-0.009198994,0.022714516,-0.0012078648,0.0025334072,-0.008691054,0.020416033,0.016382806,0.009200118,0.013990809,0.0030507527,0.0035579067,-0.027129812,-0.0037796078,0.020179143,0.0006357079,-0.020476619,-0.008328327,0.01469471,0.0075160917,0.0051332354,0.03441414,0.010497515,0.03212843,0.0030282682,0.003669902,-0.0024582115
38326,0.029974759,0.0024581526,-0.007907572,0.06603651,0.054748114,0.028131433,0.042789042,0.015661066,0.028181484,0.02532926,0.022322103,0.021807099,0.02068284,-0.005328437,0.02377519,0.01419089,0.02220629,0.014286495,0.016787339,0.037442327,0.010342739,0.06892451,0.041299175,0.06141455,0.034539733,0.033942867,0.04256535,0.013850017,0.05078343,0.07453094
38327,0.030994793,0.020491118,-0.019514872,0.014815703,0.027400017,0.024119407,0.05591928,0.02562365,0.018116064,0.017506534,0.03875466,-0.010710205,0.022714699,0.009690086,0.011088881,-0.0043148594,0.030482767,0.024020687,0.029055735,0.020675639,-0.025877556,0.04801311,0.062432494,0.036114823,0.020699138,0.03230779,0.009975099,0.014530234,0.064541616,0.039087687
38378,0.017352963,0.010482612,0.003495122,-0.0009050279,0.0063287285,0.002012489,-0.018285787,0.015238975,0.022411132,0.025399545,0.0059433132,-0.024776168,0.0119545655,-0.009530612,-0.0008549585,-0.0050363312,0.003096501,0.005920224,-0.03676675,-0.02316002,-0.023740677,0.0049964865,-0.0032844867,0.03645287,-0.0012602484,0.026990838,0.021716041,-0.03097582,0.015015648,0.018232653
38379,-0.013042218,0.0007361416,-0.028332844,0.011637081,0.019609129,-0.00015647027,0.012050769,0.017653741,-0.0056118085,0.004909361,0.0029563194,-0.019718593,0.019238142,-0.0027813122,-0.010324371,0.0040486255,-0.0055957697,0.019225584,0.0048943735,-0.009323046,-0.013913334,-0.0149878785,0.018684383,0.039762232,0.0013417132,0.0348009,-0.0017127091,0.007721742,-0.0105026895,0.0045176805
38380,-0.017289875,-0.02145922,-0.012157789,0.021039523,0.03328749,0.013775592,0.0026324596,0.013180986,0.006839209,0.0020666488,-0.019930428,-0.006264568,-0.014296387,-0.008910376,-0.0011750668,-0.007871851,-0.019399237,-0.012847632,0.010177798,0.024521643,0.0130451,0.023044849,0.019152194,0.03944631,-0.010621637,0.01313297,0.03657871,0.020215577,0.015798675,0.018176155
38433,-0.01926777,-0.040297233,-0.01964873,0.004032265,0.015655044,0.023394926,-0.0024621806,0.009791777,-0.009567126,0.0002471631,-0.009690723,-0.00707207,-0.008720084,0.009841907,0.00413317,-0.009045399,-0.030092282,-0.0018074488,0.014888809,0.022001354,-0.0013018847,-0.01913892,0.019485379,0.025377085,-0.021719558,-2.9020322e-05,-0.0043978402,-0.011779676,-0.01918781,-0.0041584303
41517,0.023130147,0.011718012,0.008337808,-0.0069468445,-0.014482986,0.015759962,0.027077483,-0.0007604013,0.015911378,0.014988601,-0.0068429797,0.016696895,-0.01609397,0.0014696402,0.008660285,0.009778247,-0.014178787,-0.044260878,0.029385993,-0.042445287,0.0030036326,0.004519839,-0.013323764,-0.017989984,-0.020303734,0.031556364,0.020553736,-0.0063281204,-0.004085706,0.012435406
41518,-0.008114208,0.00751451,-0.0047557205,-0.029887943,-0.0054337233,0.009738171,-0.009417155,-0.029416734,-0.012261297,-0.017222673,-0.013513613,-0.013436083,-0.025816673,-0.015148417,0.026218561,-0.04163672,-0.0026452995,-0.015254059,0.020768648,-0.035270106,-0.022744158,-0.012767133,-0.024227599,0.0033230903,-0.010817275,0.010967559,0.0052745063,-0.013738263,-0.0097768195,-0.005675947
41557,-0.0010646796,0.024950912,-0.002227364,-0.025664732,0.003452978,0.021815868,0.020113785,-0.018331794,0.0034708201,0.01619588,0.008702366,0.019312931,-0.018329183,0.0038691002,0.005839811,-0.011316307,0.004095232,-0.01710487,0.029505903,-0.0075796605,-0.008564614,0.020268137,0.029354433,0.01559778,-0.036237556,0.028774172,-0.010053005,0.0091787465,-0.018959532,0.034939658
41558,-0.0032135397,0.00875596,-0.008576021,-0.0072231744,0.03287455,0.02741705,0.0013893186,-0.014363837,-0.020701239,-0.002571245,0.00025012842,0.013889215,0.007191776,-0.024303367,-0.0076944674,0.0024293868,0.00847681,0.017404703,0.011805533,-0.018309454,-0.011235643,0.006262452,0.018732682,0.0026498341,-0.018784994,0.00040476522,0.010778922,-0.0035116037,0.01771888,0.005874094
41559,-0.0010170013,-0.0060705417,-0.019845473,-0.020699462,0.0143875005,0.024002686,-0.0118447505,-0.01368947,0.00024504648,0.009407203,-0.018537506,-0.002817439,-0.0255671,-0.009262876,-0.010291547,0.011939977,0.023858635,0.012773298,0.014411989,0.00020341451,0.0046195877,-0.008131645,0.0012124915,0.016497865,-0.0021172354,0.00066663045,-0.034281656,0.009700704,-0.016454127,-0.0083192075
41560,0.0093154,0.0013570376,-0.020740561,0.0051650545,0.0052797343,0.029908488,-6.545646e-05,-0.0048882826,-0.00071615475,0.00038764998,0.011232354,-0.0006950833,-0.012184449,-0.012336108,0.0019390112,0.016073812,0.011385831,0.019282807,-0.0141140865,-0.018805148,-0.015426041,0.0030811413,-0.015365961,0.007505882,0.0029592786,0.016112925,-0.024274776,-0.020288281,0.029492736,0.0004434573
41602,0.010827147,0.0007908766,-0.0066540316,0.020230504,0.0065308227,-0.01603826,0.015786858,-0.00243348,-0.007611329,0.022730192,0.016725728,0.0077175624,0.0071348944,0.029584482,0.022710895,0.023387304,-0.019376295,0.010415684,0.042914655,0.013741286,-0.0199781,0.028004058,0.020911405,0.02408058,0.01593489,0.004092581,0.0025499228,0.012741971,0.001391381,0.056647662
41603,0.02383286,-0.032848615,-0.027958356,0.008029199,-0.012212325,-0.011818912,-0.012519916,-0.004658965,0.012980096,-0.0155120315,0.010579434,-0.021876417,-0.02037456,0.013831656,-0.007092718,-0.016892899,-0.011860675,-0.042129356,0.007129748,-0.027164547,-0.0030441477,0.01206891,0.01909968,0.01440614,0.0068388632,0.009873747,-0.00794007,0.0055247224,0.021577453,-0.018043138
41604,0.020139033,-0.027668083,-0.004667163,-0.008957303,-0.007044134,0.021787671,-0.008236111,-0.009277297,0.0038015416,0.01677301,0.0102770645,0.004063405,-0.0046689636,-0.024276203,-0.017214818,-0.015105735,0.013441972,-0.015896088,0.007676663,-0.022438645,0.007992629,-0.016842525,-0.0055260644,-0.0022602451,0.026967874,0.0027111105,0.01976758,0.0031789022,0.02686471,0.014114228
41605,0.044837464,0.028236257,-0.0021378535,0.010053488,0.015952675,0.051355783,0.0014028071,-0.0019256031,0.009511959,0.005704222,0.002970878,-0.00031424686,0.021234429,0.0019743855,0.019832978,0.016823249,-0.025773548,0.0010385787,0.027459687,0.04199067,0.023556357,0.021606816,0.00296463,0.014215174,0.0050951424,-0.007405748,-0.0057727117,0.002094511,0.015839668,0.025297016
41606,0.027964883,0.07426215,0.030594235,0.054045293,0.046541627,0.034569357,0.045480397,0.057176482,0.018240713,0.04857087,0.020257397,0.015274716,0.037060436,0.039373968,0.0035365208,0.04982251,0.03494407,0.05298595,0.052716836,0.030005516,0.017960569,0.05514786,0.035277758,0.041060712,0.05433174,0.03781485,0.01719807,0.030024467,0.0147432415,0.040486485
41652,0.024276935,-0.00096270425,-0.0075054727,0.012313493,0.013930117,0.03905977,0.011958819,-0.0060330643,0.030904455,0.033138778,0.02449829,-0.0014879716,0.029754082,0.020534392,0.045913357,0.014473709,0.023067532,0.039449498,0.030033322,0.029607693,-0.016186392,0.04676931,0.016230708,0.032185752,0.017664786,0.012099475,0.0013296505,0.030582517,0.011877708,0.060296986
41653,0.013993385,-0.014044602,-0.0067007975,0.021504605,0.013925478,0.024714617,0.012002848,-0.03130748,0.017554482,0.02790116,0.01988659,0.000556756,-0.0022632817,0.011787678,0.038838994,0.03397635,-0.009500277,0.029205464,-0.0051921946,0.004341679,-0.03496254,0.025059843,0.024801487,0.021720527,0.058142662,0.024092881,-0.0050892984,0.005621934,0.041007873,0.034756873
41654,0.053629056,0.045693576,-0.0139613375,0.07526592,0.031584408,0.068435006,0.052454937,0.03063649,0.03305839,0.03902034,0.041363854,0.028300844,0.05863023,0.03975592,0.022997685,0.042267065,0.028515955,0.011714339,0.024034059,0.046556775,0.020644626,0.07913601,0.06822761,0.05476625,0.06673599,0.07562703,0.029083429,0.025037758,0.04291032,0.051562965
41655,0.06294884,0.06624567,-0.019557172,0.05641423,0.059357956,0.060126364,0.051141586,0.011231055,0.046347603,0.03892424,0.022265747,0.01032837,0.04406716,0.03600793,0.020059863,0.021376036,0.015557603,0.06384446,0.046031356,0.027095443,0.039835762,0.06427019,0.06135304,0.06315665,0.03835636,0.058377426,0.030035041,0.039513443,0.025325023,0.073129065
41656,0.050999757,0.041259583,0.010152322,0.06728563,0.057134677,0.026896605,0.029634073,-0.002446439,0.01162311,0.059041485,0.028354755,0.008796674,0.050603583,0.023276536,0.021278245,0.014326863,0.0123843355,0.0499447,0.03615759,-0.018867668,0.053045962,0.06541049,0.052618723,0.04389861,0.013220371,0.05702233,0.025718236,0.040927738,0.040779565,0.05448973
41702,0.031636376,0.027733928,-0.014397029,0.051083744,0.006619828,0.059787918,-0.00014414173,0.0051550684,0.032946255,0.022971949,0.021114131,0.045772057,0.026400005,0.00409989,0.019556496,0.052155327,0.03226537,0.046385616,0.020702502,0.0004562304,0.045295577,0.049701903,0.038659897,0.031307373,0.021015838,0.041570086,0.0073566767,0.032986414,0.022193937,0.074214526
41703,0.044429366,0.034180913,0.010262184,0.07200755,0.030664789,0.045056265,-0.022819392,0.00013854045,0.035297543,0.0098674325,0.037671383,0.031172743,0.032651734,0.024185622,0.02838956,0.0281368,0.025477847,0.04072011,0.0551255,0.050427277,0.005712789,0.05305493,0.061258588,0.044293646,0.041906744,0.020398142,0.019052528,0.017901517,0.040212877,0.054817807
41704,0.04274862,0.03132838,-0.016432257,0.04123007,0.03323469,0.072861664,0.019834071,0.028789446,0.041506674,0.05526368,0.0320858,0.022704817,0.031683546,0.020073978,0.050907258,0.039009836,-0.002694482,0.057895165,0.04817162,0.009442835,-0.002845784,0.08685202,0.07821416,0.04075968,0.028313281,0.06073227,0.023956547,0.0265555,0.015001652,0.051513016
41705,0.031135015,0.08169809,-0.01631782,0.036319215,0.061871946,0.045547474,0.03665488,0.022999689,0.041444443,0.057112876,0.039879765,0.033925153,0.07518365,0.025165038,0.05223031,0.03641722,0.027383955,0.06504118,0.071044445,0.029398197,0.0039365957,0.074783474,0.11129067,0.056409866,0.051481634,0.06991843,0.01906219,0.043237675,0.03550655,0.0407353
41706,0.026968518,0.025025962,-0.02566263,0.041911855,0.060384672,0.031007012,0.05047256,0.03077262,0.009334969,0.03744853,0.024451077,0.030934788,0.037037138,0.011995493,0.013009611,0.003189275,0.010258573,0.066440426,0.0072439257,0.052823815,0.004053343,0.04989864,0.053259443,0.036879566,0.025195992,0.06054801,0.025935462,0.028171763,0.032256532,0.028787917
41707,0.025649225,-0.0040414296,-0.018161569,0.027323725,0.03860208,0.019265482,0.033102762,0.015055187,-0.016568331,0.02371192,0.020650094,0.011805627,0.017532187,0.008848795,-0.017758718,-0.033098646,0.016064648,0.045907248,0.0031893402,0.022198103,-0.018302279,0.046020012,0.053839933,0.044797868,0.012501822,0.043587107,-0.0049906545,0.035055332,0.04096143,0.057418507
41757,0.020153964,0.030126855,0.0055581634,0.048358444,0.0055963476,0.0061810403,-0.0058163614,0.022303104,0.014086947,0.00940876,0.024110911,0.027689533,0.023862498,6.9548064e-06,0.0036440352,0.026462406,0.005062377,0.02278283,0.0326248,0.0066413344,0.004715136,0.056224372,0.034867745,0.022180362,0.024698146,0.027111389,0.024749672,0.008813931,0.026415378,0.027043277
41758,0.0028358463,0.017960778,-0.015059025,0.011065416,0.018459836,0.022181982,0.0050556404,0.010688365,0.007754941,0.014038428,0.009648372,0.016127266,0.025697129,0.005673515,0.030742118,0.043741178,0.022814022,0.0072741,0.015109508,0.0069434047,0.0062826215,0.013578924,-0.01067492,0.01531293,0.02964194,0.044456277,0.014846761,-0.009010227,0.02997449,-0.0069847587
41759,-0.00042045364,-0.014161848,-0.011394358,-0.0072387424,0.0054639634,-0.00018155761,0.0048960582,0.003111052,-0.0020061105,-0.0047651124,0.018100476,-0.0035748475,0.0042395326,-0.011485919,0.018141655,0.01311361,-0.00805253,0.0137358,0.015245234,-0.013488515,-0.0038705405,-5.247692e-06,0.0037260724,0.034518134,0.016128516,0.031291824,0.02329825,-0.0058573014,-0.012244754,-0.019686947
41760,-0.024963109,-0.01031706,0.014008875,0.019386873,0.008876823,0.002766893,0.007290503,0.020877076,-0.021894975,0.019631444,0.008935759,-0.015680743,0.008423119,-0.010538413,0.008103062,-0.024599813,0.025717007,0.019423114,0.018346326,-0.011342059,-0.036801897,0.019909857,0.012607704,0.03211741,0.015700012,0.027692644,0.0071285707,0.03577466,-0.0037124988,-0.0011977901
41761,0.0077940724,-0.013378882,-0.002617497,0.0108414665,0.017565344,0.041111384,-0.0044475286,0.005195218,0.017422477,-0.0091477055,0.0033472453,-0.021743948,-0.0027014783,0.0057164556,-0.0071232314,-0.01918297,-0.017917225,-0.009307084,-0.0070449873,0.016897416,0.005082277,0.022327745,0.0054120272,0.012162179,-0.021322338,0.027760943,0.006942769,0.0027451937,0.01967568,0.009787255
41815,-0.034296483,-0.026186056,-0.015706096,-0.017329643,-0.001027458,0.010185328,-0.007782541,-0.01415506,0.015678806,-0.0005070896,-0.0039817174,-0.006349214,0.0054320307,0.010756376,-0.016321907,0.0046421136,-0.040487338,-0.002963559,0.017905215,0.014388404,-0.0076004043,-0.011871965,0.008698487,0.024800375,-0.017432785,0.013422648,0.019596985,0.02049576,-0.012821999,0.005454401
41870,-0.007875057,0.010085112,0.009827814,0.0027277395,0.005453218,-0.013466209,0.009596061,0.018113155,-0.0028809747,-0.030911455,-0.021898964,-0.005578298,-0.028496608,-0.010548025,-0.019455368,-0.008549749,0.017850293,-0.010488,-0.015324687,0.013101086,-0.024859302,-0.0031646553,0.0081134355,0.02626229,-0.007090585,0.028990949,-0.012834883,-0.026974283,-0.014799797,0.033458535
45007,0.026439747,0.03755605,-0.014040464,-0.028737605,-0.017855654,0.044533834,0.007975685,-0.04887521,0.0022639513,0.013317171,0.022172846,0.013373655,-0.0015716659,0.0033481342,0.020881912,0.030006273,-0.025914095,2.6574979e-05,0.036497526,-0.013635166,-0.005772174,0.035275158,0.021434933,0.021443374,-0.013042539,0.053026613,-0.004504936,-0.013539937,-0.00532457,0.015505959
45008,0.01677191,0.04770914,-0.004861988,0.040372323,0.015858183,0.01184766,0.021418296,0.015859121,0.012188551,0.008277713,0.02761495,-0.006128687,-0.0008055431,0.005000057,0.0041846377,0.0448423,-0.004795633,0.053550635,0.04025341,0.0024949524,0.022826446,0.028145298,0.026056962,0.017642152,0.04349987,0.025962362,0.0038246543,0.011434256,-0.012860832,0.014126864
45009,-0.017154615,0.015141409,-0.012877059,0.008599132,0.0042265747,-0.012066594,0.024793752,-0.0011511905,0.027728567,-0.025362449,-0.0155948745,0.014385174,0.017392112,0.00049599836,-0.008670335,0.007907818,0.002573734,0.025778368,0.0002742062,-0.012088842,-0.009327457,0.025231844,0.021763885,0.022240376,0.014557466,0.005805045,0.0029608775,-0.001042041,-0.012571816,0.0004659874
45054,0.06309024,0.015074503,-0.017118255,-0.003201646,0.00719684,0.035855457,-0.00088237115,-0.019727582,0.04350963,0.006001701,0.023584625,-0.0071614035,0.017539067,0.020546993,0.026917579,0.0067934836,0.0010852827,0.019595973,0.0118906675,-0.022364805,-0.01769912,0.024462512,0.0388749,0.050484646,-0.004762862,0.020713711,0.0012680682,0.02060615,0.00196913,0.03466248
45056,0.02456408,0.019069053,-0.029239668,0.053829804,0.033228524,0.045509353,0.0317248,0.004370863,0.029998219,0.0060622315,0.016213732,0.017526278,0.041550506,0.007948492,0.028545154,0.00092731556,0.026269699,0.040350795,0.015465252,0.032999646,0.024051005,0.040345266,0.051728666,0.024994852,0.043511868,0.042559203,0.06021146,0.02958823,0.014990681,0.052624315
134267,-0.019769546,-0.009356755,-0.050314095,0.010040036,-0.014703867,-0.027681613,-0.030047467,-0.03155008,-0.0077577643,-0.012025804,0.0066697784,-0.013999009,-0.069668375,-0.013202618,-0.02977199,0.0037024117,-0.038003534,-0.05956921,0.0076701804,-0.01888988,0.0002476514,0.011995996,-0.022856524,-0.0129569145,-0.013379385,-0.0021586006,-0.0176029,-0.042773113,-0.028008336,-0.004370348
134316,0.009926182,-0.0033486441,-0.009183862,0.028701833,0.02535315,0.031141756,0.012717329,-0.015465967,0.0028262201,0.018241892,0.0131428195,-0.0037119507,-0.0023514845,0.002321941,0.0054396074,-0.0027779143,0.027224997,0.02015196,0.017206658,-0.0121274665,0.010104874,0.017952763,0.029291911,0.029648028,-0.0003422882,0.048877716,0.00017085951,-0.006734235,-0.012554367,0.03486683
134317,0.031482827,0.028650925,-0.03199492,0.037869144,6.979114e-05,0.004523613,0.011484752,-0.0014846058,0.0028781276,0.035662152,0.03749956,0.0004009957,0.009762696,3.055421e-05,0.0119268,0.003215031,0.016536983,0.030595481,0.019105984,-0.017194176,-0.009651352,0.000804268,0.033831608,0.011804111,0.02131171,0.0250727,0.026577959,0.014370172,0.0114158355,0.026894996
134366,0.019858103,0.0042001954,-0.04666123,-0.0035157015,0.0022538684,0.017459067,-0.0007662321,-0.009947062,-0.0012131783,0.015885599,0.036514256,-0.005530461,-0.019524248,-0.0025929336,0.031811614,0.010330323,-0.02250389,0.007911342,0.011827455,0.01787762,0.030968443,0.038444232,0.022816936,0.0044660647,-0.0010929886,0.010666768,-0.005076165,0.0146925645,-0.0019692343,0.00696334
134367,0.0144058885,0.0032449737,-0.03963327,0.04471432,0.019009564,0.033291623,0.031221569,-0.015240539,0.013178072,0.025674874,0.037704974,0.020548847,0.0030713219,-0.00945468,0.002680134,0.02527327,0.01609684,0.018066207,0.03351973,0.019531706,0.028762365,0.06061524,0.0077683213,0.024701713,0.031860024,0.016817538,0.0144331725,0.011684731,-0.007903505,0.025937364
134368,0.06350593,0.023017436,0.0007107835,0.05433615,0.0012904182,0.022256775,0.023374742,0.008266537,0.025334673,0.009605151,0.013483927,0.015302236,0.001951837,-0.022666397,-0.013294351,0.02989707,0.03232181,0.0110534625,0.021919267,-0.013911453,0.018756926,0.03449599,0.04695,0.02060463,0.021325784,0.041063126,0.004526514,0.024227163,0.02274281,0.019110596
134418,0.011320687,0.01134611,-0.0032605317,0.0072811474,-0.006684266,-0.0020119846,-0.02741824,-0.01971226,0.0067044343,-0.009879152,-0.007380596,0.0014038814,-7.760463e-05,0.0002270479,-0.016554745,0.019864464,-0.008625188,0.008636617,-0.026985163,-0.007507954,-0.013163044,-0.0027301267,-0.02752167,-0.001981896,0.007307475,0.002394163,-0.011508466,-0.029301116,0.016657617,0.0094627
134419,0.00061063963,0.0064333957,-0.018171499,-0.023529023,-0.020218762,0.037548594,-0.03207429,-0.022494154,0.0036533468,-0.013170641,-0.00915455,-0.006282642,-0.03690333,-0.02856045,-0.003768608,0.02115249,-0.030045567,0.024661312,0.013198265,0.00028378516,0.023652377,-0.016005946,-0.013069381,0.0075210375,-0.008150435,0.010470522,-0.046346843,-0.028817086,-0.0117608225,-0.014082201
137789,0.04184298,0.014607948,0.002834976,0.0032678738,0.023318363,0.02301009,0.0038685855,0.0020842415,-0.003975649,0.030790502,0.032199875,0.0042146095,-0.0033784313,-0.005714702,0.010689545,0.016750567,0.033138946,0.035332922,0.038216192,0.009584407,-0.020257218,0.031461835,0.050290328,0.028857112,0.01254044,0.044675086,0.004201818,0.025456468,0.009489262,-0.0026496584
137831,0.030802922,0.011286284,-0.0048260945,0.0076504103,0.0152038485,0.005077097,0.0147455195,0.008569748,0.023465684,-0.010886394,0.00661991,0.005643271,0.031107357,-0.017528603,-0.01806591,0.015622915,0.01395759,0.006399171,0.026415527,0.03663421,-0.01739664,0.023189193,0.05746244,0.020205086,0.0128903305,0.009384223,0.012278485,0.023970133,0.03593442,0.0356959
137832,0.01911337,0.021782873,-0.04130202,0.02559693,-0.01710445,0.011943175,-0.01548436,-0.006336304,0.014362279,0.025404027,-0.00012419948,-0.0062449095,0.032756686,-0.007338386,-0.028352037,-0.035532232,0.0066101155,0.043998305,0.031898607,-0.0062055625,-0.012982155,0.02061321,0.052526683,0.03234273,-0.022180378,0.03488432,-0.0049475133,0.051034104,0.043431986,0.04631765
137877,0.02343122,-0.0057596224,-0.04226465,-0.0008285884,-0.0075014476,-0.0043334714,-0.014701351,-0.0105470745,-0.00011099285,0.037485007,-0.012564801,-0.012702747,-0.010097062,-0.009627893,-0.019211963,0.014512628,0.03781492,0.018949347,0.035227705,0.018993018,-0.02717775,0.02465848,0.024768887,0.014034898,0.006138695,-0.0076437313,0.0061172447,-0.009125577,-0.0004442887,0.023755306
137878,0.02228794,0.0044992375,-0.024102272,0.030614486,0.006353077,-0.002881075,0.0006311846,-0.02402808,0.001435409,0.007409671,0.009681578,0.012220538,0.02246839,-0.0016294053,0.014818651,0.03302787,0.013977061,-0.0077240863,0.05443844,-0.014977574,-0.0062966547,0.029091045,0.018458469,0.033302337,0.012957011,0.0047812094,0.0145249115,0.050527755,0.044087578,0.037953805
137879,7.9983845e-05,-0.0046029803,0.012043429,0.031662058,0.038999412,0.0044120033,0.023347149,-0.030714273,0.0047774515,-0.0011499487,0.021818323,-0.019369712,0.040688783,0.0013645856,0.013212032,0.026215417,0.023489451,0.00062041107,0.021559002,0.01632526,0.0070903045,0.036252677,0.037571248,0.040770154,-0.011877266,0.030093044,0.010494257,0.018985024,0.027084982,0.017355518
137880,0.036397878,-0.0056439713,-0.007920645,0.028131148,0.011265762,0.013180188,0.019133098,0.005454673,0.006678127,0.00937836,0.01369691,0.0006207174,0.03312994,0.030766375,0.0046391655,0.027190732,0.039552655,0.020343792,0.03157958,-0.004058691,0.0016019322,0.039450184,0.046891753,0.020120412,-0.017639026,0.03386111,-0.0006715882,-0.0013173219,0.05883038,0.034952786
137881,-0.0005418605,0.02878651,0.0035428156,0.03695341,0.02843079,0.03358327,0.03166379,0.020869961,0.033525992,0.030752815,0.030146794,0.033901624,0.039260738,0.034601655,0.0076959133,-0.0010608813,0.03916102,0.05504406,0.029132923,0.00886655,0.0018536244,0.031002723,0.041224148,0.030858366,0.028319238,0.027193611,0.015143595,0.03974675,0.063842095,0.054113135
137882,0.030129513,0.033003207,-0.005299706,0.052493464,0.039436225,0.06593793,-0.003155735,-0.0089139445,0.0630817,0.054772854,0.026482152,0.026749864,0.01710167,0.014999644,0.021203985,0.043058455,0.058285773,0.036957506,0.046662625,0.0088071935,0.020711312,0.057465922,0.037653536,0.031524327,0.043708604,0.014492869,0.009554417,0.022791808,0.0075778808,0.039108653
137883,0.014372396,0.041540813,0.034261767,0.06151137,0.028026583,0.04698317,0.029268943,0.026950294,0.01808379,0.028476931,0.018924898,0.049458634,0.02639552,0.023198722,0.016456632,0.066694275,0.07212291,0.0289203,0.06716064,0.005061775,0.026860103,0.04903559,0.04319649,0.041627225,0.012465097,0.032778475,0.038996197,0.045692008,0.038121644,0.07453696
137927,-0.02643265,0.0012257437,-0.04167996,0.0365382,0.009677212,0.015488501,-0.033319585,-0.03564583,0.00740808,0.028656168,0.0016403813,-0.026362844,0.0024142514,-0.038709786,0.03207227,0.017321536,0.020070657,0.037348982,0.023258096,0.009442974,-0.021625884,0.022190938,0.06075798,0.015114204,-0.009501591,0.012896794,-0.008543954,0.008103644,-0.017432349,0.010759424
137928,0.019866206,0.013133362,-0.020542277,0.006490705,0.0022365607,0.010628674,-0.012542736,-0.01484372,0.01076745,0.015336134,0.009738152,0.0035123236,-0.013071627,-0.0061269873,0.016620759,0.02358029,0.0400926,0.040393226,0.042163122,-0.012414784,-0.019809298,0.03156204,0.05052735,0.033486694,-0.01886625,0.019040193,-0.0023061568,-0.008136732,0.023808232,0.010716413
137929,0.021390418,0.011033493,-0.0009980813,0.0115531385,0.01988537,0.01513955,0.013193633,0.014238144,0.004592069,0.052927252,0.009971529,0.013033914,-0.0011193828,0.0073128026,0.0044548833,0.0147686405,0.009663495,0.0152320415,0.04150939,-0.019367514,-0.0258015,0.016835615,0.067559466,0.012599044,-0.0039518154,0.0087626465,0.038371664,-0.017323527,0.0076395776,0.010650366
137930,-0.002871002,-0.0037498754,0.021339504,0.04140849,0.0051318766,0.020333027,-0.029944519,0.020329049,0.014511768,0.007986522,0.017620027,0.021611745,0.03257181,-0.0026552014,0.021531573,0.012075309,0.053102728,-0.0123406425,0.022242045,-0.016394457,-0.002588419,0.013676775,0.04746501,0.029655894,0.03014264,0.03327034,0.008849256,0.039428644,0.0037999924,0.014742619
137931,0.07270974,0.0049891532,-0.011059385,0.034167558,0.006420354,0.053484794,0.010934792,0.054273307,0.025905633,0.0012573664,0.004682248,0.02079198,-0.0011827121,0.0045754705,0.021275178,0.03319269,0.012840056,0.021887904,0.064468436,0.002041705,0.025826039,0.015558335,0.04548474,0.025727334,0.03040916,0.03606083,0.012776763,0.030534958,0.035023738,0.007905278
137932,0.032903504,0.05547292,0.01464321,0.03893328,0.04401161,0.054636538,0.014939169,0.0524613,0.05696434,0.041939896,0.008468958,0.034542616,0.056200642,0.03549645,0.017690998,0.05299477,0.019679878,0.0625385,0.05415642,-0.008700352,0.0024665724,0.043460384,0.04398556,0.0264475,0.023946622,0.058010127,0.0028869112,0.0025511447,0.032517616,0.022278981
137933,-0.023762673,0.03054062,0.032027595,0.007814391,0.032039635,0.03489403,0.028464617,0.025501296,0.0078799715,0.013779331,0.017653354,0.033134364,0.038727585,0.0059148837,-0.0030865148,0.03666832,0.010607831,0.012105632,0.028698623,0.003499861,-0.019667953,0.054585144,0.024198161,0.038513366,0.023269465,0.021013288,0.013916597,0.0070353807,0.030154973,0.025688643
137978,-0.0055488856,-0.0005930602,-0.025013728,0.03535932,-0.011952919,0.0034607726,-0.036359787,-0.03190783,0.007792257,0.0075817835,0.0022502758,0.005130364,-0.017081697,-0.027419208,0.03032802,0.0059638456,-0.01082775,-0.033255275,0.03524985,-0.035504185,-0.026028723,0.011606418,0.03732554,0.038962193,0.008334949,-0.004040521,-0.0029355176,-0.028464183,-0.0195277,0.014421359
137979,-0.014329973,-0.021425836,-0.040661544,0.0056229704,-0.026473202,0.0016173981,0.0056723016,-0.03598059,-0.018539883,-0.01791042,-0.0050592544,-0.023807785,-0.042315736,-0.04255574,-0.015725756,-0.048367515,-0.013100498,-0.027148716,-0.0012171868,-0.06819444,-0.0133331865,0.025491772,0.011797697,-0.018158272,-0.018912371,-0.0077431477,-0.02566816,0.0043787095,-0.018666111,-0.012802468
137980,0.043099836,0.012368813,-0.03923431,0.044664666,-0.0039061196,0.015455983,0.0153538985,-0.03878929,-0.0118098045,0.027974987,0.01988028,-0.010185017,-0.008347649,-0.008659313,-0.018512407,-0.009446569,0.048521455,0.02260449,-0.0020147993,0.010528537,0.0078004017,0.044860546,0.04855977,0.022960434,0.007473959,0.023524202,-0.0060131494,0.0045741666,0.016771412,0.037339266
137981,0.023359865,0.031900514,-0.013637745,0.027844533,0.011158231,0.017554535,-0.0073955073,-0.01167854,-0.03287885,0.013782821,-0.015949035,0.009688548,0.004594514,0.001120574,-0.00903625,0.013048365,0.025818616,0.016932195,0.03001166,-0.032536495,0.0020274476,0.023952609,0.03387369,0.0037949055,0.006330695,0.020977424,-0.016065044,-0.01348433,-0.016350124,0.033584386
137982,0.015897898,0.020598227,-0.00753792,0.051232163,0.017283246,0.029117009,-0.009972603,-0.015903862,0.029492602,0.028406927,0.03313012,0.036017496,0.018275658,0.00657641,0.04219158,0.017947098,0.002917029,0.031162294,0.048914786,0.01226234,-0.006843137,0.034797817,0.024271244,0.044153664,0.0071183257,0.02310206,0.011826145,0.023517838,0.0072295894,-0.007378452
137983,0.052008927,0.011008553,0.00073986937,0.03721005,0.030027747,0.044503096,0.009604234,0.010746993,0.040445358,0.024818221,0.013966764,0.036233064,0.022930935,0.011105691,0.0016876677,0.02856803,0.01736857,0.005359204,0.033994585,0.029743992,0.015289876,0.01816917,0.024458637,0.00043368712,0.023552531,0.038761113,0.077983595,-0.02346322,0.0133289425,0.006279744
137984,0.02878777,0.044247974,0.038862884,0.03639556,0.03000042,0.037775185,0.04122103,0.021876348,0.039872378,0.057333764,0.03380349,0.022122763,0.036874622,0.030824676,0.027636187,0.07022342,0.03410066,-0.0012421584,0.07878435,-0.0011601684,0.012034574,0.03545773,0.027430383,0.023953691,0.021473296,0.035659254,0.04159797,0.020766271,-0.006681675,0.017143188
137985,0.0062286207,0.012405147,0.021575153,0.00031969137,0.001758397,0.024066038,-0.0021114338,-0.0033704124,0.007133124,0.047545195,0.023183709,0.025966017,0.04864179,0.017681807,-0.008199169,0.036525305,0.009798671,-0.0105225295,0.030048177,0.011529238,-0.024312409,0.036662813,0.0024734114,0.048492026,0.0028556592,0.019231144,0.010151354,0.02105602,0.017689204,0.018154534
138033,0.035996135,0.02012295,-0.03189004,0.04147606,0.006533407,0.009900904,-0.035930242,-0.03223043,0.011762383,0.00076971925,0.014323921,0.017193535,-0.003177279,-0.005601683,0.018337011,-0.0085309865,0.0063782707,0.011323635,0.032282073,0.017569305,0.018891,0.039307144,0.04978311,0.023430286,0.03689477,0.031112285,0.027133694,0.020531831,0.007838338,0.012745206
138034,0.037719946,0.020653607,-0.030488687,0.018942794,0.017434599,0.011259202,-0.01823827,-0.02327568,0.021116346,0.0075710993,0.015265399,-0.0153857665,0.022943236,-0.0076198466,0.0217511,0.009150195,0.046032812,0.021222949,0.006335492,-0.0034865786,0.010232069,0.030537099,0.07489235,0.026326416,-0.0186032,0.039216626,0.0057770847,-0.0007480693,0.014426262,0.016584652
138035,0.0061348905,0.040443175,-0.037524268,0.03479787,0.02186838,0.025032716,0.0029802173,-0.0019424775,-0.0004825938,0.012290644,0.02739717,0.0010209603,0.018209608,-0.008361836,0.00033737705,-0.011722236,0.015392531,0.0045031183,0.02842131,0.019376673,0.02767314,0.021342045,0.03342888,0.033513974,0.010788359,0.029735789,-0.010792035,0.012036462,-0.019312024,0.037222005
138036,0.03563412,0.031802822,-0.023405716,0.032856885,0.019734135,0.034028903,0.00877074,-0.012043773,0.012660694,-0.0089007085,0.030124933,0.03768327,-0.013600861,-0.016090004,0.027851714,-0.0071477746,0.0030788733,-0.013777117,0.031071799,0.018748662,0.0051970514,-0.015359511,0.015417565,0.019943802,0.014534041,0.035165686,0.0012849793,0.024191564,0.020600349,0.0048971497
138037,0.05408162,0.036157664,-0.0153472945,0.028929291,0.017438827,0.0425726,0.016422058,-0.007797431,0.03227719,0.019411195,0.044393566,0.02321208,0.03048356,0.015529424,0.019531166,0.013383406,0.034420338,0.016958723,0.048099265,0.01551716,0.00910911,0.011003668,0.055812616,0.01851401,0.050463784,0.056671534,0.04292719,0.015235931,0.021372596,0.03521825
138038,0.05569926,0.019098153,-0.028672693,0.04470633,0.037448987,0.05485816,0.030015586,0.017745098,0.023021407,0.036034513,0.031044168,0.020130096,0.020065855,0.007820114,0.012557379,0.03805514,0.016405875,0.034711417,0.050526112,0.012728934,0.024573473,0.03676864,0.05671951,0.034860525,0.041472703,0.034511168,0.018040588,0.027897298,0.010165603,0.019028345
138089,0.044998106,0.020705115,-0.026854647,0.019614741,-0.00993898,0.0015952982,0.0121474825,0.010644595,0.0153378695,0.0296655,0.018182147,0.012619902,0.040919043,0.009549049,0.0016429321,-0.0035132878,0.011908489,0.0013584793,0.010305257,0.0494682,0.034331083,-0.024070531,-0.00041853977,0.006213285,-0.002441392,0.0014605789,0.011825412,0.005894096,-0.019866992,0.02060094
138090,-0.00161796,0.010646466,-0.008941778,0.009519008,0.014008634,0.0048243487,0.012673356,0.007909944,0.0033500234,0.0021298595,0.002861061,-0.0003331347,-0.009399604,-0.015006167,0.006025189,0.0036886074,-0.025233055,0.023967326,-0.01716443,0.020750904,0.023226803,0.01170992,-0.0029462613,-0.011305679,0.007121334,0.021610523,-0.024081735,-0.010010103,0.0035782612,-0.0131964395
138091,0.022437437,-0.0009429056,-0.03763013,-0.013283939,-0.007718526,-0.029271422,-0.007352311,-0.034435537,-0.019204846,-0.021152891,-0.010254959,-0.03546642,0.0018651054,-0.01591113,-0.03193691,-0.008817963,-0.0030265043,0.0058475197,-0.016484536,-0.0012271209,-0.02975423,-0.0028639734,-0.01395081,-0.012493454,-0.012131091,-0.021618133,-0.019198393,-0.009929992,-0.018743105,-0.015893111
138092,0.02465337,0.01789674,-0.01787307,0.014894028,-0.0006061758,0.037116025,0.0097253015,0.025116747,0.022460938,0.031655066,0.016381146,-0.004269023,0.025108993,0.0059049004,0.02156736,0.01909202,-0.013162755,0.012085919,0.026623512,0.016345797,0.018688397,0.019069046,0.031168165,0.014532692,0.01073492,0.03845003,-0.013511551,0.022993514,-0.0013934746,0.02466298
138145,-0.003859409,-0.026411919,0.009181592,0.011425006,0.012744986,-0.01810302,-0.029156087,-0.023502998,-0.017061617,0.01615587,-0.014411144,-0.016776418,0.056404453,-0.010538384,0.017987981,-0.034694526,0.0011460049,-0.0081834085,-0.002678721,0.011301838,-0.020010324,-0.0058398563,-0.03124212,-0.010335375,0.0031302797,-0.00329783,0.001297425,-0.010807845,-0.005904241,0.011855128
141287,-0.013038338,0.062770225,0.02627652,0.020884335,-0.007017546,0.006748551,0.0019417062,0.004064598,0.015496042,0.007035801,0.01608195,0.024614425,0.02353171,0.0154524,-0.01139782,-0.0029845245,0.01894254,0.028820219,0.011065523,0.033214908,0.0084021855,0.0016970237,0.022159802,0.04837951,0.009990159,0.030332802,0.018086769,0.051037908,-0.009496276,0.03037417
141288,0.028740995,0.008457002,0.031173868,0.012685362,0.0080177495,0.028366072,0.01884565,0.018523833,0.010897864,0.014956596,0.001066728,0.023972087,0.0036382517,0.009301008,0.0056164577,0.008366148,0.019809041,0.021694496,0.024493268,0.010833189,-0.014488708,0.006971969,0.051825017,0.012491249,0.005602369,0.026801392,-0.005075579,0.032325845,0.003075758,0.026343146
141330,-0.019000012,0.0062258583,0.059977736,0.010534342,0.018158536,0.022564054,0.0407951,0.015905997,-0.008522061,0.002202071,0.021941995,0.01759838,0.020309346,0.010932543,0.030611642,-0.026664995,-0.009691778,-0.015147738,0.012243579,0.05000897,-0.017657489,0.017225094,0.011132223,0.021139612,0.001174674,-0.0023981824,-0.020614333,0.0301323,0.015115603,0.037926998
141331,-0.0038572967,-0.030336758,0.02243544,-0.008570142,-0.0067219273,0.0029177263,-0.0017577723,0.024007969,0.012986906,-0.022341697,-0.0033131216,-0.011408053,-0.005042471,0.012645707,0.03930084,-0.023557687,-0.0010142674,0.025161164,0.006337598,-0.008185288,0.011449948,-0.012472746,-0.004733584,0.011240383,-0.027017256,0.012586263,0.0045473794,0.044036075,0.017343033,0.02814129
141375,0.0144973025,-0.003565091,0.011338425,-0.016586287,-0.007539145,-0.007813739,0.0016273888,-0.016311554,-0.035735067,0.02568285,-0.013820991,-0.012524776,-0.00651746,-0.018956695,-0.020331131,-0.01591863,0.03426899,-0.011530972,0.01895981,0.008482831,-0.014416978,0.020733943,0.01183382,0.015088745,0.0071141967,-0.0072408025,-0.013961838,-0.007969695,-0.0010565107,-0.00012069879
141376,0.012694108,0.0077396743,-0.008780999,0.010247744,-0.018293308,0.004573095,0.0058358796,-0.025261164,0.022224633,0.001909465,0.0077383257,-0.0071446015,0.03468224,-0.021470912,-0.009656507,-0.008972689,-0.020617729,0.020365242,0.016129578,-0.006535137,-0.0057443785,-0.0052651917,0.01855882,-0.00976039,0.025398908,0.00595721,0.010462627,-0.0073755775,0.02117312,-0.024238758
141377,0.016493395,0.019500995,0.00026217196,0.004348961,0.018491488,0.010987841,-0.010040085,0.00064666773,-0.0032617163,-0.0390813,0.0056697167,-0.011519317,0.004646076,0.012847899,0.0045596166,0.01688066,-0.0026316596,0.0083788065,-0.0035828166,-0.03797883,0.022032276,-0.0036848579,0.022626324,-0.004714789,0.01576027,-0.0015345422,0.0101638,-0.0119297365,-0.005982422,-0.006854951
141378,0.033305965,-0.007817719,0.0066127703,-0.009386264,0.01228861,0.0009163876,0.029078731,-0.00055821677,0.007970623,0.016089646,-0.016115995,0.010305925,0.026197517,-0.01203937,-0.005923536,0.020862246,0.007889704,-0.0034528256,0.008933027,0.005459994,-0.0062498054,-0.0062781363,0.023247043,-0.0049164644,-0.005329044,0.006983372,-0.022702865,0.01331795,0.009401824,0.019840749
141379,0.0009416803,0.009673174,-0.021196188,0.00949205,0.013735422,0.006065422,0.010646737,-0.0012763701,0.0036157155,0.01239737,0.0140687125,0.026644638,0.01866652,-0.0023715256,0.022613162,0.005336925,-0.0010191752,0.027445182,-0.005503168,-3.2626715e-05,0.010675478,-0.0048086606,0.0072811027,0.0061560688,0.009429968,0.034624252,0.013873354,0.013131772,-0.0021445677,0.0053299987
141381,0.048540574,0.02545926,-0.020707648,0.030549949,0.015367847,0.024418572,0.013383036,-0.0013639809,0.012802757,0.039513465,0.0053920676,0.008865892,0.024578953,0.0044178297,-0.01718467,0.025873998,0.02669245,0.01653676,0.008209561,-0.01243714,0.0191827,0.014183753,0.01822114,0.031242697,0.019113334,0.049507227,-0.0006653741,0.006728351,-0.0017569164,0.040114727
141423,-0.0142930215,-0.054090407,-0.03842594,-0.013437373,0.0063203215,-0.017810946,-0.021820888,-0.03471754,0.016563488,-0.020613967,0.0018702904,-0.010292191,-0.028436728,-0.023329696,0.0020715492,-0.037807196,-0.04682909,0.012690189,-0.024443148,-0.026898114,-0.023286523,-0.008546913,-0.013188932,-0.011683911,-0.0009015196,-0.028326303,-0.008246195,-0.016782494,0.013882369,-0.013965525
141424,-0.0037090394,0.0072882115,-0.023574213,-0.0004601547,0.0067666774,0.011999355,-0.021194868,-0.010839774,-0.023469532,0.015737636,0.005904825,-0.008174697,0.027286738,-0.0038396781,0.015393217,-0.012134089,0.012827143,0.012417343,-0.0014469702,-0.0183014,-0.008818183,0.0011149182,0.024230339,0.010227155,0.029126465,-0.0100315735,0.007325893,-0.0064391126,0.012900007,0.016454183
141425,-0.012969804,-0.009903933,-0.019990314,-0.0038695743,0.034795202,0.006701246,-0.014276636,0.0054426645,-0.024567029,0.004093928,-0.013210744,0.0064405524,0.027983494,0.0081796115,0.021924593,-0.020549877,0.0447291,-0.0009122162,0.032702755,-0.02314687,0.006429342,0.021886164,0.009631892,0.0022629902,-0.01884829,0.0077090077,0.0059802183,-0.021200309,0.010767951,0.010662794
141426,0.022780575,-0.019463109,0.012908534,-0.0004937078,0.005004863,-0.012322507,-0.01979267,0.024557455,-0.017715162,0.0012324211,-0.010965678,0.006296043,0.012875627,-0.012537259,0.02104715,-0.02293022,0.020203091,-0.01353141,0.004283894,0.0040699425,-0.014310546,-0.04960387,0.012181585,0.007819097,0.012526353,0.04032446,0.0012344761,0.030157348,-0.018532714,-0.013670527
141427,-0.024952104,-0.019546589,-0.025388643,0.032926824,0.0045487243,0.014953406,0.0058017843,0.02678225,-0.0049666655,0.022928545,0.030510975,0.009079885,0.009654753,0.0046129297,-0.011852314,-0.009961351,-0.026071867,0.023028424,0.023109889,-0.026698949,0.016139625,0.02157907,0.016919838,0.013448621,0.021757865,0.0039429995,0.012829226,-0.00612344,0.0007620789,0.013891861
141428,-0.012430203,0.00090670615,-0.015765062,0.03896906,0.025323473,-0.015730707,-0.0048281006,0.023899294,0.009134824,0.004016234,0.00064655923,0.0077391006,0.021069169,0.011079856,-0.01008972,0.04063007,0.009362719,0.032330923,0.025286647,-0.025800698,-0.011538089,0.035091992,-0.034345914,-0.0042041033,0.007835915,0.023048298,-0.012756352,0.0006161512,0.018075632,0.021601984
141429,-0.0012590587,-0.0045096357,-0.025227217,0.038892213,-0.0043768883,-0.036221396,0.026555466,0.0008298277,0.0036456117,-0.0026347942,-0.019797089,-0.005726898,0.016653875,-0.0051743966,-0.019336114,-0.039642103,0.028020501,0.00086867437,-0.011194638,-0.023413816,-0.014540528,0.04869446,-0.02532713,-0.00456371,-0.02093561,-0.02962592,-0.006175962,-0.01974902,-0.03358225,0.01361483
141474,0.0031886976,0.0036495493,-0.06505933,0.03444274,-0.012529793,0.0067035183,0.014109104,0.009608422,0.025916306,0.007022854,0.029022546,-0.015707174,0.0031793786,-0.013028755,-0.0015641277,-0.00830594,-0.0043312167,-0.0025903136,0.020346764,0.00019261551,-0.012961894,-0.01750038,0.029604634,-0.0039847107,-0.0035108533,0.0010124948,-0.0013593603,-0.0055824094,0.013108928,-0.026392333
141475,0.008282396,-0.0052064117,-0.02993905,0.027552828,0.020673426,0.028739758,0.0052226596,0.0031112174,-0.0175243,0.013170113,0.015495177,-0.0025082598,0.017712025,-0.021890871,0.028345292,0.0086828945,0.0172085,0.008533102,-0.00014447328,-0.009473703,0.028226333,0.010507495,0.02893545,0.009220201,0.003271979,-0.006174072,0.016584376,-0.025801726,-0.0013970757,0.009854566
141476,-0.003766177,-0.016380098,-0.034479268,0.042581234,0.041212734,-0.013283174,0.01381057,-0.01023712,-0.036543343,0.00907953,-0.03040941,0.0031646749,0.047220934,0.0014091159,-0.013769592,0.018644597,0.012296514,0.05159995,-0.007641887,0.0143766105,0.0077461475,0.030137433,0.026686138,0.001231939,-0.034921546,-0.029866971,0.003483821,-0.00072360534,0.019870302,0.03999618
141477,0.035423744,0.03564863,0.012319372,-0.0032280355,-0.0011427846,-0.018709682,0.018302476,-0.014135671,0.025071897,-0.0018100006,0.016573183,0.02148735,-0.0027920343,0.0038037356,0.035845626,-0.023011701,0.028775899,0.015763551,0.0018814001,0.030210307,0.004995063,0.031367414,0.01309465,0.04279681,0.002028608,0.023389712,0.028723976,0.0018601405,0.033451643,0.03360064
141478,0.0006149138,-0.012403465,-0.007814932,0.020213945,8.61343e-05,0.022084245,0.013843729,0.011375021,0.06683984,-0.0020227674,-0.0055822837,0.027927801,-0.0029089332,0.0045460425,0.0028149628,-0.0043616677,0.017587693,0.0049433494,-0.033088084,-0.002891535,0.017245146,0.027062563,-0.007913593,0.0255896,0.017720718,0.023712168,0.030090688,-0.025842452,0.045790385,0.020066224
141479,0.04383807,0.030744215,-0.001232109,0.04069959,0.026139243,0.03102974,0.01754936,0.007222049,0.01583554,0.0107652545,0.0134892715,0.017411854,0.011130354,0.0138140945,0.030043641,0.006911803,0.033316035,0.004107566,0.028507017,-0.024052115,-0.0114574805,0.021629574,0.008747694,0.0070627793,0.044723075,0.046375107,0.0052683274,0.0035813518,-0.016696656,0.014256898
141480,0.045439214,0.051919997,0.011225509,0.058362786,0.00686808,9.7313896e-05,0.01481095,-0.010102986,0.012999703,0.045259673,0.028726384,0.012988617,0.04524945,0.011385836,0.044384155,0.019691445,0.019401932,0.02030566,0.036035623,-0.0037329171,0.008252617,0.020272495,0.03426596,0.037500367,0.030760398,0.01545162,0.01318626,0.010778493,-0.0085563855,-0.0022807019
141527,0.039508127,0.0388533,-0.017543266,0.021571493,0.0045142956,0.021466168,-0.012678609,-0.021320112,0.024761872,-0.013454274,0.022544155,0.0020460263,0.022780709,-0.008783134,-0.010277175,0.022913923,0.021917775,0.0061208582,-0.018362062,0.0035912723,-0.014528192,0.03592884,0.04781906,0.03096346,0.022469124,-0.011948044,0.0087707685,0.0031235877,0.018971128,0.009344979
141528,0.013831464,0.02574083,0.02223091,-0.0050904746,0.03108753,-0.008468154,-0.019026453,0.0012003396,0.0049912483,0.0068231537,-0.004069974,0.00050940615,0.030129118,-0.026511462,0.010122507,0.009469581,0.029169237,-0.0060726404,0.013361915,0.009247591,0.02636674,0.030183427,0.019939067,0.008326792,0.004645711,0.007351268,0.015959593,0.0054499265,0.032303166,0.03354384
141529,0.010985292,0.0151485875,-0.019407144,0.011324637,0.018318353,0.005407199,-0.011956707,-0.0116111785,0.026607418,0.016453713,0.0020901356,0.006974637,0.0355071,0.002920406,0.00041128602,-0.019384103,0.006840793,0.033536978,-0.0041715875,0.02167379,-0.005452723,0.02791567,0.010145332,-0.0007317339,-0.009900904,0.03667314,0.024196513,0.028492173,-0.0102353245,0.032209408
141532,0.07177034,0.02868449,-0.03251804,0.051633775,0.039640024,0.046995606,0.03874844,0.013946526,0.035376463,0.056070924,0.026825419,0.040365785,0.021513835,0.023942353,0.03834861,0.045328323,0.02149797,0.064657606,0.06469545,-0.0075687026,0.04409085,0.03318265,0.052062973,0.030999174,0.06114432,0.0507796,-0.0005726794,0.04136674,0.035164695,0.035006255
141533,0.043170195,0.031410087,-0.024989793,0.038369827,0.04831274,0.060604144,0.007164469,0.029669529,0.027830636,0.04146712,0.044652123,0.03899994,0.029664652,0.029536797,0.028328987,0.04224412,0.03242685,0.037025813,0.039562836,0.051079933,0.025610374,0.050738305,0.06403429,0.052207917,0.068547405,0.024363326,0.029623501,0.02768229,0.025430297,0.041359667
141580,-0.007966316,0.016585825,-0.025360638,-0.02296204,0.019824918,0.005492976,0.016654862,0.012122457,0.009626624,0.015805414,-0.011982493,-0.009223691,-0.0007254667,-0.00014598621,-0.025413284,0.007241992,-0.026559487,0.015288368,0.0065714694,-0.0045451573,-0.011903082,-0.0037129715,0.0018041236,0.01128707,-0.0028995983,0.0041150874,0.0112264985,0.004616033,-0.0073178224,-0.019181855
141584,0.0238628,0.004068471,-0.030973658,-0.010219203,-0.030906625,-0.01266214,0.017686129,-0.043734986,0.013743591,-0.026368333,-0.031257994,-0.015220805,-0.014846972,-0.016678235,-0.017356621,-0.009079118,0.0052075563,-0.026105924,-0.010904449,-0.0025982938,0.010106757,-0.009859878,0.012770839,-0.007103263,-0.05558509,-0.004306885,-0.0099357,-0.0143760545,-0.0448128,0.0069573354
141585,0.06260162,0.011408564,-0.027696341,0.0056000873,0.026546359,0.019007945,0.029199362,0.016030649,0.019118188,0.042849746,0.02924907,0.017763477,0.022669407,0.017881246,0.019913873,0.046957016,0.020718774,0.04250897,0.07135726,0.006306182,0.015023912,0.03429355,0.06444411,0.027887488,0.03398443,0.06394642,0.008242879,0.04393964,0.031080825,0.04332931
141586,0.057372253,0.060942322,-0.032240126,0.028591303,0.028867587,0.028109992,0.022549478,-0.0014773408,0.033902533,0.03883819,0.021398386,0.038799185,0.009057441,0.0141441375,0.017657375,0.035617393,0.03032305,0.050722823,0.040529236,0.008356686,0.0024571612,0.062525965,0.047710482,0.02569096,0.02399,0.03754213,0.031325903,0.019196467,0.04804371,0.027631143
141638,-0.024380686,-0.01793301,-0.0036272872,0.018711714,0.0035299335,0.007861916,0.0059661795,-0.008560686,-0.03419928,-0.034133416,-0.028472655,0.0039195507,0.010189229,-0.009199959,0.013357406,-0.01874096,-0.01195518,-0.011575215,-0.009206957,-0.000950615,-0.0005918476,0.0077899736,0.003890651,0.0033868551,-0.003345528,-0.005940518,-0.007266149,-0.018231643,0.01954489,-0.016791774
141639,-0.01351386,-0.01977361,-0.011049625,0.014319026,0.027434774,0.038076676,8.6120766e-05,0.0061909244,-0.030851386,-0.016947454,-0.0096872235,0.0019074377,0.013263114,0.010413735,0.001691911,-0.009409796,0.033475917,0.02290803,-0.019966176,-0.032882728,-0.032110542,-0.008147948,0.033573158,0.005365379,-0.012861674,0.015577511,-0.0208455,0.017915929,0.000417262,0.00054294866
141640,0.045717057,0.0021764524,-0.004737229,0.011343129,-0.0060397596,0.0017175637,0.03435325,0.0076739974,-0.012409621,-0.0010132793,0.0028092482,-0.012542863,0.020159854,0.012621674,-0.011173525,0.0011070184,0.018028704,0.016426546,-0.014610996,0.014026488,-0.02167394,-0.0047459323,0.033357967,0.032290153,0.010078885,0.03263955,-0.021247514,0.00365171,0.0069464054,0.045113415
141641,0.039598,0.0072895274,-0.02980082,0.024173485,0.008418656,0.009561135,0.0030602317,-0.0139898695,-0.008068581,0.011712894,-0.0016088885,-0.010964215,0.0072313272,-0.0013121344,0.0052950396,0.006938973,-0.036084384,0.042533394,0.005647844,-0.006368993,0.007547951,0.011863272,0.025954194,0.012368858,0.02304341,0.039201353,-0.0010227967,0.008104423,0.023718743,0.020492123
141693,0.04211289,0.029996531,0.020221727,0.018920245,0.005973007,-0.008551441,-0.02406246,0.030867554,0.004391735,0.01739909,0.009332377,-0.013684117,-0.029665956,0.016153967,0.0018463886,0.012765567,-0.016107399,0.015703952,0.02505041,-0.027507676,-0.043649938,0.019342763,-0.005930415,-0.012784955,-0.015309599,0.049954776,-0.025234103,0.013375491,0.016643163,-0.0428737
141694,0.0022277192,0.026098317,-0.0031392307,0.029045576,0.004705859,-0.020398399,0.006580777,-0.007022159,0.03786461,-0.012061219,0.0089958375,0.003525201,-0.004362246,0.011755188,-0.015857698,0.024716163,-0.022647368,-0.031406865,-0.00054770755,-0.030942528,-0.02367116,0.030200353,-0.006261393,-0.028706104,-0.016223134,0.009957965,0.018580867,4.893883e-05,-0.054202598,-0.0011730624
141695,-0.013815402,0.0130329095,-0.005430265,0.01741047,0.021316275,-0.027874881,0.0062478073,0.014813575,0.007935598,0.0038675263,0.0063873813,-0.0022168413,0.005841646,0.0033377893,-0.015598297,-0.015008297,-0.019256227,-0.010929681,-0.004188696,-0.032828137,0.0017557788,0.01789204,0.026835283,-0.0057884348,0.024810491,-0.015060159,-0.021414006,0.004285827,-0.015514159,-0.0018242272
144687,0.041538518,0.038241763,0.02646462,0.01727206,0.019370727,0.05620772,0.037321568,0.003758921,0.019255007,-0.0012004866,0.022865169,0.0109627135,-0.01305546,0.0019097299,0.02175068,0.03396159,0.006564178,0.049369946,0.024579758,0.017296484,-0.001450648,0.04674378,0.031582147,0.021733962,0.03675999,0.02900364,0.033293534,0.037906032,-0.004654924,0.0035133485
144688,0.06168123,0.03307121,-0.014340349,0.036467705,0.010764983,0.012678121,0.034172602,-0.024120035,0.042174105,0.035428498,0.038315993,0.020065099,0.022230357,-0.0020097005,0.045464665,0.036820523,0.045737546,0.06201194,0.0359648,0.015379205,-0.018681744,0.02472263,0.070594914,0.051384583,0.0328906,0.049730927,0.044262722,0.06753168,-0.012029365,0.06518609
144723,0.035313208,0.059944768,-0.0016308749,0.031047897,-0.0070163533,0.026583763,0.018315278,0.012049697,0.03242663,0.050151948,0.04198919,0.015801322,0.015756458,-0.0010476056,0.02824367,-0.004529055,0.019833954,0.042132985,0.057104383,0.0035474545,-0.033669,0.034355897,0.085045986,0.046174694,0.006252087,0.051973477,-0.012542994,0.0935551,0.027493486,0.06980837
144764,0.027663598,-0.00914837,-0.0065755057,0.024367519,0.0071012513,0.0026890049,-0.0070528737,-0.019254994,0.0009756374,0.014441748,0.0041322485,-0.0038780638,0.013710584,0.002635311,0.031527273,-0.042092312,0.0029485524,-0.038064543,0.0010025688,0.009829103,-0.012556708,0.0018703965,0.014593411,0.012685981,-0.013094244,-0.018418828,-0.040613275,0.027337732,-0.01856501,-0.021782706
144765,0.02319262,0.016516158,0.02358309,0.0063704117,0.00041135916,0.023948528,-0.012058683,-0.007161113,0.042294826,-0.019899454,0.005870603,0.0025394692,0.006830038,0.009721792,0.020666823,0.0057425667,0.0031068986,0.0014073564,0.02911941,0.039046936,-0.01859574,-0.026352538,0.0024993962,0.020641787,0.01627594,-0.0033523391,0.034410052,0.02918745,-0.0070881485,0.00013164307
144808,0.0039069406,0.035319824,-0.036462914,0.022932595,-0.00132477,0.029180234,0.01212865,0.0050319848,0.038966265,0.004291586,0.016358128,0.020979518,0.0088374885,0.005601032,0.0071613397,-0.02465226,0.02074,0.04696269,-0.020447096,0.0028825651,0.021607654,0.016235301,0.083562344,-0.00070932694,0.032492157,-0.006258068,0.03274468,0.006454241,0.047195863,0.00087987416
144809,0.00994561,0.043644473,-0.01915706,0.014951475,0.0018223515,-0.006208914,0.006045936,-0.006521333,0.016927533,0.0046054916,0.021483101,0.015124305,0.04540203,0.02565852,0.03437703,0.0052555534,0.025555491,0.03614376,0.03985449,0.022017403,0.033807714,0.02608288,0.059439506,0.029840363,0.016157987,0.033671465,-0.007614965,0.032280702,0.0103827,0.026463136
144810,0.01840268,0.007304827,-0.00068683363,0.028350336,0.0045225467,0.030777896,0.020805938,0.011203437,0.013074632,0.040035926,0.010982503,0.02845785,0.044781405,-0.004696361,0.02415272,0.025749654,0.01592624,0.015271881,0.016061315,0.021014392,0.02473498,0.047375742,0.042720046,0.032603886,-0.0075182,0.062682495,0.004464032,0.052725747,0.02320665,0.057086263
144813,-0.021705994,-0.04322433,-0.033793744,-0.040283006,-0.0014326485,-0.011941521,0.0068070977,-0.04158729,0.005162006,0.03508201,-0.01517355,-0.021202222,-0.024229115,-0.0016696135,-0.012471194,-0.007099226,0.00159775,-0.011279308,-0.0024022665,-0.036802728,0.0029335206,0.0077195377,-0.004602466,-0.005291756,0.0083139995,0.0023844186,-0.018379172,-0.014917046,0.008471386,-0.018017253
144854,0.00784737,-0.0007613755,-0.027530128,0.005119517,-0.009594438,-0.003095852,-0.02471632,0.0071526063,-0.012330353,-0.0039242064,0.008577515,-0.008868956,0.0013731705,-8.295911e-06,-0.013834044,-0.011339066,-0.02891308,-0.0015330067,-0.006152593,-0.0071154796,0.015863571,-0.004416433,0.0067338548,-0.005159963,0.010200425,0.009033137,0.0036786932,-0.011061671,-0.010693391,0.0060900697
144855,-0.012295852,-0.029512769,-0.0018723203,0.035207015,0.023085618,0.008056277,0.006436271,-0.0031011787,-0.008577318,-0.0061938814,0.009492036,-0.009040431,0.028055698,0.010963035,0.006131254,0.014079544,-0.006086773,0.03285447,0.028934188,0.0091249375,0.020423653,0.0049582445,-0.0050047897,-0.00862126,-0.011229933,0.014815807,0.008924014,-0.007486096,-0.00175648,-0.019363666
144856,-0.0041302363,-0.00050167996,0.0079023205,0.02648929,0.027381256,-0.0013832602,0.022424841,0.0055046375,-0.022883276,-0.0161992,0.0043159765,0.015678702,0.011547529,0.0020237907,0.04512137,-0.0075112805,0.011913068,0.008177367,-0.014730148,0.0067656063,0.011644582,0.012500972,-0.005642624,0.030819288,0.013135947,0.007182525,0.01247353,0.012724244,0.014587848,0.003984248
144859,0.03173041,-0.0054030656,-0.036595766,0.029653767,0.040246453,0.05104613,0.04613191,0.0107996315,0.042684454,0.06643598,0.0049946015,0.032759868,0.030177973,0.015764471,-0.015294433,0.039829485,0.0073827207,0.038570683,0.014675167,0.016659327,0.006330854,0.05151604,0.062132996,0.046488762,0.014845453,0.020832025,0.021658508,0.001682147,-0.0035785374,0.039538722
144903,-0.021787481,-0.007442227,0.019304901,0.00945684,-0.014422625,-0.012532507,0.004676019,0.0049628713,-0.021971038,-0.043289825,0.0118889855,0.0013844632,0.017176814,-0.016262358,0.0025267291,0.0041943192,0.005734378,-0.0050639873,0.018309116,-0.027113043,0.0013257669,-0.037587356,0.016697228,0.0025649352,-0.020398065,0.019553903,-0.0040771673,0.012997463,-0.027280582,0.008454729
144905,-0.0050121364,-0.013634537,-0.020293813,-0.024523415,-0.01222973,0.012893792,0.0038999962,-0.0113179,0.021878595,-0.001708171,-0.00071449595,0.020867847,-0.015559703,0.005276712,0.0020129022,-0.016434228,-0.009930524,-0.019501885,0.01926028,-0.013199168,0.015796972,0.0009462445,-0.022470506,-0.0005019253,0.014583153,0.019259728,0.023885056,-0.031142047,-0.0039568543,-0.00294133
144908,0.061817486,0.044099364,-0.015681865,0.07131677,0.02441076,0.037528083,0.04193368,0.0061048046,0.044981673,0.060572013,0.04083589,0.007208165,0.035149366,0.0021627254,0.012166155,0.046534628,0.04161413,0.058218822,0.031267688,-0.018094905,0.022763737,0.046272833,0.07866944,0.050552502,0.046297614,0.058840662,0.022105373,0.038333323,0.029125484,0.062223118
144958,0.059960812,0.017322848,-0.028137103,0.036896773,0.022416612,0.021202236,0.023641704,-0.029099723,0.03662996,0.028230533,0.029251492,0.029654915,0.019506264,0.011952442,0.008689298,0.01587824,-0.009655755,0.056046877,0.020002598,-0.0064481646,0.02902064,0.037858468,0.03755236,0.004819188,0.03445008,0.058350906,0.011371219,0.019851925,0.009531432,0.008232053
144959,0.081098475,0.03532084,-0.021826966,0.05459407,0.03980271,0.03142349,0.035378966,-0.013123249,0.04551203,0.07406211,0.04060671,0.019850805,0.021733219,0.012439188,0.02434115,0.028568806,0.04493916,0.08374715,0.0360215,0.027370235,0.006418683,0.081364535,0.08350822,0.04590434,0.0412498,0.072128244,0.033465754,0.038889885,0.031653468,0.0743858
145010,0.0577812,0.025927907,-0.03650911,0.024893796,0.018831555,0.037172828,-0.0023496337,-0.0031302318,-0.0086918725,0.030388974,0.010011294,0.002438096,0.02878707,0.0067697405,0.014094935,0.020014318,0.019339208,0.046511274,0.03871351,-0.011463354,0.005057302,0.01628761,0.02949327,0.022063106,0.027170338,0.045300364,-0.01952692,0.015293889,0.037528057,0.010974179
145011,0.06514204,0.047208175,-0.016615199,0.043657888,0.029064208,0.015850222,0.034350123,-0.0009332026,0.03425124,0.05750723,0.016943645,0.0144584505,0.02185371,0.01557383,0.036604937,0.014155057,0.0386392,0.07059469,0.05223928,0.006742778,-0.004360962,0.065232754,0.048596114,0.055886503,0.020573556,0.04151976,0.021049185,0.026491135,0.07021464,0.03844308
145064,0.03416406,0.0056238375,-0.0560895,0.013134941,0.0023702083,0.014833496,-0.01795888,-0.004123015,-0.004622781,-0.0121608935,-0.0018586697,-0.017075218,0.026530558,0.002645148,-0.022179542,0.029150652,-0.0020946495,0.0022699458,0.031126881,-0.018473806,0.005385351,0.047816142,0.04631124,0.018668713,0.0023255732,0.045435205,0.0023784766,0.017073324,0.04479899,0.015809592
145065,-0.0051279226,-0.022484919,-0.019034768,-0.0016996529,-0.011242326,-0.005109961,-0.008754494,-0.03397449,-0.044339966,0.018978616,0.0009796588,0.013838299,-0.0032751698,0.0017525499,-0.0027874045,-0.006298959,-0.03626341,-0.0018641582,-0.0048922794,-0.021163119,-0.018757284,0.029117972,0.031153193,0.0021824932,-0.019404344,0.030469699,0.0010009961,0.024761856,0.03196313,0.0014092675
148175,0.02644153,0.05962208,-0.0052529746,0.012954821,0.0033859843,0.029271672,0.051640227,0.008189502,0.019801667,0.026370302,0.041622233,0.015533973,-0.006988104,0.0074368813,0.057315852,0.013435583,0.01355363,0.043386806,0.043002915,-0.00087620196,0.04227285,0.036861558,0.044733945,0.03711234,0.035068218,0.055105638,0.020428741,0.018648135,-0.007827747,0.034883425
148270,0.06780872,0.02581945,-0.030256063,0.048434034,0.024615096,0.03937058,0.014859644,0.0057955943,0.01090872,0.018181307,0.025412386,0.014071534,0.008759313,0.0022151473,0.022365175,0.041998416,0.013947241,0.0319593,0.00378484,-0.0057220724,-0.0066127186,0.043880757,0.0573246,0.053347904,0.037039425,0.07591832,0.0172098,0.023919985,0.01018842,0.034367327
148321,0.0182697,-0.004368441,-0.021786645,0.02795591,0.023757108,0.027070621,0.031494442,-0.01076273,-0.027153773,0.010402172,0.0018919343,-0.007826052,0.0036461242,0.014621462,0.012619545,-0.00067473605,0.0014222581,0.030189775,0.0013901532,-0.01961643,-0.011485354,0.037785687,0.021440998,0.017671967,-0.005608535,0.02665425,-0.006093116,0.009510331,0.026058905,0.048055004
