,turtle,fish,bee,frog,rabbit,cow,cat,dog,raccoon,monkey,rhinoceros,giraffe,elephant,leopard,penguin,tiger,bird,sheep,lion,alligator,bear,deer,goat,horse,squirrel,camel,ant,kangaroo,donkey,zebra
5319,0.00936241,0.008333677,0.048810493,0.016141046,0.0058082454,0.023278473,0.008713387,0.019023089,0.025078004,0.0031621906,0.0140445875,-0.013688576,0.0013830016,-0.0017816247,-0.01326535,0.0051717623,0.00090082054,0.0004238578,0.01357551,0.0082225045,0.029045433,-0.0100801615,0.013135456,0.021526879,0.022257091,-0.008898134,0.04194848,0.023521954,0.026207676,-0.0006114331
5320,0.02866935,-0.020935258,0.03483007,0.0111711845,0.0028742745,0.030934222,0.0022008803,0.004760291,-0.0065815,0.0023896822,0.019246737,-0.01346492,0.013470293,0.031620245,0.03131185,0.0019314733,0.03416316,0.011256258,0.021614067,0.011268631,0.0005264779,-0.036707353,-0.0034760244,-0.0014934503,0.026135663,-0.006544063,0.01570321,0.016080873,0.0013114806,-0.030641994
5363,0.015882445,-0.009124882,0.027404578,0.016627364,0.020203294,0.0042462004,-0.0008176553,0.02341125,-0.0076882523,-0.014084977,0.0047161453,0.005071808,0.034171604,-0.0018391339,-0.00618354,-0.026208974,0.030670157,0.014527109,0.014878302,0.02147769,0.010502055,-0.017394703,-0.027691796,0.0031141546,0.030570433,0.038481846,0.032129977,0.014198478,0.02473568,-0.014539726
5364,-0.00052110414,-0.020750543,0.04888813,0.0156046,0.021311417,0.008173435,0.0020580862,0.04081666,-0.015636472,-0.0032519277,-0.0036886304,0.011660799,0.022599453,-0.016928487,-0.0006232026,-0.0034642785,0.0021083278,-0.0012830058,0.014609727,0.023762539,0.0031727534,-0.02590388,0.00023710355,0.00371815,0.031367004,0.0021788902,0.056409746,0.029218383,0.044394627,0.0001219941
6951,-0.037204426,0.019833991,0.051890407,0.005541287,0.0031834478,0.0039320043,0.020142887,0.032750767,0.0033197328,-0.016782789,-0.03675944,-0.02207912,9.620128e-05,-0.011870801,0.021990774,0.005263697,-0.006820475,-0.012710636,0.023589067,0.013774003,-0.012689271,0.011346643,-0.020444203,0.017580137,0.0076715704,0.020343533,0.05815969,0.023186749,0.027408415,0.027851881
6952,-0.010417021,-0.0044232067,0.038057547,0.0076533332,0.019560525,-0.012820989,0.022319501,0.05434547,-0.033221204,-0.007486032,-0.01171133,-0.0113147935,0.03689101,-0.0120904045,0.0020108812,-0.003052748,0.002255027,-0.000663251,0.0003240943,0.029919075,-0.0012681322,-0.011275225,-0.019046044,0.01923264,0.030217567,-0.0010479627,0.043323454,0.005404568,0.0558814,-0.003055011
6953,-0.0049258946,-0.018813998,0.02487731,0.02218456,0.023045836,-8.150314e-06,0.0046286248,0.047993425,-0.015811203,-0.007195299,-0.007706909,-0.011710509,0.025130242,-0.01813952,0.005668706,0.011213392,-0.012968508,-0.0036872951,0.005366724,0.023390358,-0.008810802,-0.032135937,-0.005652562,0.008645825,0.039354917,-0.0006885044,0.06803497,0.029358013,0.04758045,0.0040662554
6997,-0.030947572,-0.029011874,0.008559619,0.013067972,-0.01125463,-0.0037312787,0.025699198,0.020364221,0.0010642981,-0.023321496,-0.004828574,0.012796159,0.002116141,-0.024129309,0.0031823248,0.018240292,-0.0013856658,-0.013065838,0.009620868,0.006679893,-0.012290079,0.014304067,-0.014167745,0.003814475,0.015500733,0.04528925,0.026620725,0.0062357616,0.0025304426,-0.0007854281
6998,-0.01079667,-0.011339985,0.03408992,0.00071059476,0.016129166,-0.01009666,-0.009991438,0.032862872,-0.025791125,-0.0037038277,-0.0064986087,-0.014222254,0.027931863,-0.021083226,0.005077427,0.0047484483,0.0051088505,0.001795417,-0.0009566199,0.012184394,0.012523337,-0.02034841,-0.027148597,0.0053899656,0.036786284,0.012647589,0.045061383,0.0063497573,0.0052866167,0.009404338
6999,-0.0057878196,-0.01995766,0.0308815,0.0040321597,0.019708974,-0.0029719153,0.009220653,0.041812915,-0.021018488,-0.009504289,-0.0016001641,0.0031380064,0.017763397,-0.030860795,0.011459622,0.0041949986,-0.012622147,-0.010490605,0.0098761665,0.021575509,0.0064565167,-0.032465927,-0.01780835,-0.0040073497,0.023294581,0.010306341,0.05193925,0.020719932,0.037019674,-0.011227082
7087,0.00050200586,-0.001821847,-0.015710952,-0.021576023,-0.0029593378,0.0016440867,-0.018930754,-0.011247945,0.004648393,-0.002282609,-0.011291858,0.027654782,0.017326197,0.009142154,-0.007928259,-0.007438749,0.021765811,0.004151665,0.004306242,-0.0005216512,-0.014764573,0.008897633,-0.01852525,-0.010308013,0.012255486,0.012649114,0.005619098,0.00014859065,0.017028032,-0.0074998885
8756,-0.031609762,-0.0017798381,-0.008915866,0.01608259,0.027517468,0.009519822,0.023799872,0.03508589,-0.039681792,-0.034790296,-0.0411322,-0.027343092,-0.006751179,-0.021517003,0.015227434,-0.009981153,0.0035245705,0.0074756895,-0.024333134,-0.006518429,-0.007242309,-0.007234639,0.017934313,-0.016277539,0.02153529,-0.030035341,0.014365186,-0.013481627,-0.0042863544,-0.0014052127
8801,-0.008896403,-0.008763588,0.041775245,-0.00943548,0.0070408676,0.0057106013,0.026595421,0.048348546,-0.011910133,-0.014500634,-0.02540803,-0.0043996996,0.0429432,-0.0409278,0.00047342232,0.0044256025,0.005911829,-0.00086699676,0.0047036484,0.011103361,0.004296781,-0.015093728,0.0035270918,-0.01388559,0.029627452,-0.017572729,0.013580815,0.020540843,0.009734587,0.011888756
8802,-0.0078020394,-0.03258091,0.032305423,-0.01609598,0.019434752,-0.010529361,0.014766951,0.03203263,-0.024178037,-0.011811014,-0.018610934,-0.019208103,0.028228408,-0.027038028,0.0028537102,0.019807912,-0.0049021007,-0.019181022,-0.0041427226,0.015963936,0.00046952037,-0.025882615,0.0013254359,-0.010475118,0.03057644,-0.0035165735,0.039456025,0.007933066,0.039640777,0.010327092
8803,0.0046712463,-0.018953519,0.022551091,0.0043405592,0.01918314,0.004190695,0.022694523,0.041808162,0.00073968695,-0.0068844357,-0.0051644407,-0.017332433,-0.0003346776,-0.018208789,0.026331954,0.0071412246,-0.0119215185,-0.008468299,0.0074953064,0.032951895,-0.018203354,-0.043180842,0.029222138,0.021315694,0.008609462,0.0060032434,0.070082664,-0.0048958636,0.02567046,-0.01671913
8804,-0.01720432,-0.014722901,-0.027967118,0.012813163,0.015551501,-0.0031633244,0.002734834,0.03157367,0.012592226,-0.026050901,-0.03752982,-0.009544273,0.005880421,0.0061442866,0.042005982,0.021852097,-0.042195957,0.011845768,0.0022547033,0.014823896,0.0008540284,-0.009392777,0.011747616,0.009658813,-0.005117862,-0.0009673359,0.040326104,-0.0060206293,0.025728924,-0.024055572
8848,0.015639791,0.014064123,0.023319356,-0.0076071136,0.012620758,-0.001966173,0.020584485,0.02732943,-0.017969001,-0.01076538,-0.018004378,0.02010896,-0.015079533,-0.029646875,0.019667825,-0.001678527,0.026314802,-0.022806326,0.015753016,0.0054966924,0.0240338,0.011933945,0.0009275141,-0.008889908,0.020389875,-0.003725645,-0.0016535288,-0.017771805,-0.019171681,0.008013328
8849,0.011519238,0.02005775,0.016978828,-0.00927757,-0.00634476,0.005203721,0.014813512,0.008952922,0.0018635072,0.012515099,0.011802952,0.003944035,0.019225957,-0.020764777,0.013122634,0.022920921,0.0051101153,-0.0001038971,0.002252105,0.018327383,0.026909344,0.024526065,-0.0040314384,-0.007677695,-0.010185006,-0.020189943,-0.009782759,-0.012389201,-0.0031926774,-0.0039546634
8893,-0.004389377,0.0086008785,0.019101663,-0.0134465955,-0.0061816913,-0.00367048,0.0049523455,-0.002634827,0.011820366,-0.01037649,-0.017343527,-0.011703414,0.042509917,-0.01591404,-0.010769531,-0.016140245,0.024096807,0.0036460187,-0.013353248,-0.007105717,-0.00079398137,-0.006337198,0.02207688,0.010602598,0.04297023,-0.009725141,0.009360337,-0.013246167,0.05368656,0.013403227
8939,-0.001872701,2.4956496e-05,0.0027328636,-0.0037316382,0.00024556686,0.01192792,0.01378563,-0.014428232,-0.060851127,-0.028954154,-0.0044155596,-0.008044985,0.050079152,-0.011135943,0.024233894,0.022630868,0.028928487,-0.014450494,0.014372463,0.001889597,0.014720022,-0.0032164368,-0.016535116,-0.017514722,-0.023355583,-0.0064172577,-0.004020506,-0.004425453,0.008997054,-0.018015677
8940,-0.0044703404,-0.013906202,0.013473473,-0.03842218,0.004976013,-0.045676917,-0.0019869506,-0.02728244,-0.03217544,-0.0094064325,0.010669791,-0.030049255,-0.025292562,0.0021989252,0.003275939,-0.0068132826,0.018482586,0.00032134246,0.023914494,-0.002589043,0.022622252,0.013005577,-0.003734431,-0.01974915,-0.026180351,-0.0018024985,-0.01386721,0.012906839,-0.012072917,-0.02674561
8985,-0.0039784587,-0.00055520673,0.009729485,0.04445931,0.011772342,0.00363046,0.0030280147,0.019789262,-0.039677974,-0.007077975,-0.026966346,0.0070744543,0.03673559,-0.009347999,0.018934948,-0.00018232378,-0.012223937,-0.042088866,0.011148217,0.004968398,-0.006756654,-0.028553361,0.0034512563,0.0011208592,-0.01431748,0.02171448,0.033748616,0.019924873,0.03076174,-0.02354464
8986,-0.035924543,-0.00076493,0.02306524,0.017717654,0.01643853,0.001732444,-0.01807216,0.012544334,-0.021312641,-0.0046843686,-0.021595715,0.0010829862,0.020089386,0.010747589,0.027199864,-0.009715144,-0.0080032125,0.0033996596,-0.000814466,0.014644969,0.008551337,-0.0069990256,-0.005433871,-0.0062843524,0.006658927,0.00073623814,0.033363298,-0.00086173293,0.0021051324,-0.018616717
9031,-0.0014926636,0.0079630865,0.006603742,-0.00061395846,0.01645694,0.0053935084,0.019691577,0.0368789,-0.02591639,0.00618053,-0.009951382,-0.004043827,0.010507203,-0.0056631207,-0.013460112,0.00033701057,0.0015104916,0.0066231075,-0.0024829402,0.0074842186,0.0062222653,-0.0147975525,-0.040797997,-0.017158069,-0.032138757,-0.022420386,-0.011837005,0.0019497933,-0.006797875,0.00060038763
10819,-0.03496361,-0.002333903,-6.213117e-05,-0.015456803,0.006996192,0.0006857167,-0.013661009,-0.015981982,-0.0035302031,0.02952229,-0.024460264,0.027900964,0.010040458,0.0049608555,0.013390173,0.0071974006,-0.006040322,-0.016760638,-0.041480016,-0.01755678,-0.0014842203,-0.026007405,-0.010489705,-0.012777168,0.025139498,0.0014293375,0.009790442,0.0063854754,0.0032601021,-0.005223714
10820,-0.031215033,-0.028468676,0.018705623,0.027589602,0.018877331,0.012370915,0.0125865005,0.029679045,-0.0056711417,-0.020219026,-0.02834919,-0.012219082,0.022870379,-0.015951544,0.0045435526,0.020392036,-0.023238564,-0.008007645,-0.015186313,0.017040305,0.0075163245,-0.020160023,-0.012857936,0.005286263,0.033027153,-0.018653883,0.045350686,0.007367382,0.03878611,0.018700244
10821,-0.033363,-0.020330178,0.010389875,0.011657588,-0.0046656732,-0.009720464,0.019620737,-0.018616036,-0.006052002,-0.024122423,-0.05874103,-0.054202795,0.038147513,0.011861451,-0.019118847,-0.007779336,-0.01728036,0.03275518,-0.036063496,0.0026780183,-0.03092002,-0.016838057,-0.00881026,-0.026790105,-0.0023879323,0.0006090145,0.009297219,0.0037939502,0.0024564725,-0.027704248
10822,-0.019202186,-0.028499715,-0.015042665,-0.0022191138,0.008734077,0.0035858762,0.01655814,0.053490806,-0.015337516,-0.023187099,-0.0038585376,0.000955794,0.022057392,-8.998563e-05,0.02743949,-0.005357722,-0.011267244,0.0025910593,0.04100005,0.029407399,-0.0061501977,0.003828876,-0.01531778,0.021550404,0.0025336416,-0.0004664481,0.027177393,0.0031680844,0.025446124,0.0013520085
10866,-0.03377756,-0.025044119,-0.019660087,-0.0041087246,0.011831034,0.011250794,0.026172245,0.024093801,-0.011281858,0.006586606,0.004216352,0.007332751,0.010507916,-0.0076745576,0.005884198,-0.01140226,0.012444149,-0.012569941,0.02241786,0.02116882,-0.022434196,-0.010165384,-0.019727696,-0.019596519,0.023132468,-0.009541949,-0.02665331,0.0022827599,-0.0012970172,-0.011964977
10867,-0.010753942,-0.033180226,0.061293203,-0.012971304,0.010957114,0.010869811,-0.00408517,0.00647069,-0.03051266,0.0026239187,-0.02616591,0.022749282,0.007542579,0.018903658,-0.0037959118,0.043011457,-0.0052714334,-0.025567899,-0.015153957,0.029171713,0.02974114,0.005809088,-0.0019400829,-0.014800671,0.02863265,0.010528721,0.029973427,0.032350224,0.020183718,0.00097571156
10868,0.0052989256,-0.007696018,0.010853681,0.012432083,-0.0104621835,-0.0021773407,0.01372356,-0.01376742,0.0060116374,-0.0029736387,-0.014518499,-0.021580711,0.022744754,0.022659788,-0.013436574,0.013660864,-5.8803707e-05,0.037362073,-0.015039712,0.006270624,0.004208237,0.0061493,-0.014841612,0.0064303544,-0.017372234,0.015494061,-0.005644305,0.0073100408,-0.013297201,-0.025428066
10869,-0.0010699792,-0.017212002,-0.028789269,0.024126714,0.005819063,0.00069752504,0.0115559595,0.032325115,-0.0066170315,-0.04120903,-0.011997841,0.01178212,0.022157433,0.008462674,0.011270109,0.010447591,-0.026695745,0.0066433162,0.04606386,0.007948619,0.017416403,-0.018206097,-0.016035525,0.0062845745,0.004359495,0.0005539355,0.029536009,-0.008376188,0.006200206,-0.014077873
10913,0.029540211,-0.0054897047,0.003786793,0.007966499,-0.006436067,-0.0070350035,0.049913447,0.043525014,-0.052130226,-0.0025034505,-0.017809011,0.017954433,-0.008042377,-0.007116014,0.013973001,0.0035051655,-0.015949378,-0.009499713,0.0032247007,0.002980087,-0.026975205,-0.008120335,-0.027845794,-0.01580926,0.020774797,-0.007644637,-0.013184023,-0.010222304,-0.0024050735,0.015356733
10914,0.034164324,-0.0074809133,0.019834185,-0.004211467,0.0013729067,0.006933128,0.025077963,-0.007732201,0.009176346,-0.0091204,-0.04271653,-0.0039932798,-0.015621615,-0.017623533,-0.018502792,0.008538351,-0.016437445,0.0044226716,-0.004259559,0.040896803,-0.008200414,-0.002536051,-0.018800419,-0.019409282,0.025005622,0.0045748283,-0.02673442,-0.0068330728,0.009831683,-0.0041293413
11007,0.010989481,-0.002437394,-0.008937827,0.026176147,0.014114683,0.011923808,0.033614974,0.052756924,-0.026704187,-0.0048137563,-0.0274691,0.017729575,0.022455378,-0.007546656,-0.0072455313,0.02638153,-0.041351665,-0.023055864,0.017703125,0.022283828,0.021165302,-0.0036481621,-0.010609284,0.0010546433,0.009193617,-0.0028685431,0.026239047,0.028703311,0.018449914,-0.03982593
11008,-0.044019192,-0.003295387,0.021299345,0.032322444,0.01707411,-0.0055508898,0.029774144,-0.002177519,-0.0342867,0.0051991,-0.04549246,-0.01666862,0.0028402843,0.0139731495,0.019255744,-0.0060265115,-0.012165421,0.007224155,-0.0043778317,-0.008779793,-0.0049948064,-0.0003498172,0.0048454744,-0.03181492,-0.0058557545,-0.023466459,0.008294217,-0.0047756718,0.015928218,-0.019644933
11055,0.016650405,0.02209957,0.003363247,0.0070472187,0.029410271,0.010148131,0.0077136196,0.050213035,-0.043997318,-0.0062137023,-0.025451303,0.020928646,0.027623124,0.0049660765,-0.0014934341,0.0019192112,-0.018129148,-0.021249121,-0.009980952,0.0048831087,0.005361706,-0.017453872,-0.016879087,0.010898839,-0.012403528,-0.0021521803,0.045637846,0.013552595,0.0194743,-0.010902607
11056,-0.021830557,0.002956377,0.00012282484,0.021560967,0.01221136,-0.0077645103,0.0079534715,0.046047438,-0.042994563,-0.00979038,0.0032170566,0.017933294,0.015857985,0.026295504,0.0040678284,-0.0129796965,-0.014805872,-0.011533033,0.007914844,0.04009449,-0.025940314,-0.0155226225,-6.666593e-05,0.00608579,0.011434826,-0.005568246,0.05174798,0.0064504817,0.037729662,-0.0113562085
11057,-0.011984158,-0.022646615,0.0041153934,0.019172348,-0.00729754,0.015006672,0.018534943,0.003355061,-0.02140368,-0.0014779516,-0.020791559,0.011612449,0.0017120983,-0.028910905,-0.009645225,-0.008698345,-0.0002977286,0.006841472,0.0034329689,-0.012510705,0.00987325,0.017964654,-0.006528419,-0.016530698,0.0075619207,0.013951092,-0.000993769,-0.018744862,-0.0141865285,-0.014435858
11101,0.008572264,0.014868125,0.019900648,0.00076408806,0.0027393831,-0.0036159884,0.013943508,0.0022968426,0.00038530523,-0.0029630475,-0.027874907,-0.0031853449,0.015074256,-0.010875071,-0.0005324306,0.014847103,-0.01018189,0.016905297,-0.0050334246,-0.0009675322,0.0023306848,-0.011779758,0.013407376,-0.002220117,-0.029710583,-0.010216883,0.028522259,0.0051964284,0.003119807,-0.013681899
11102,-0.017265396,-0.013415371,-0.003903689,0.008171615,-0.012753519,-0.016314838,-0.014585495,0.017712628,0.0018179895,-0.012505858,-0.013232582,0.0010069608,-0.009008809,-0.018494153,-0.011187705,-0.013129345,0.006773126,-0.0063475203,0.007842178,0.0207374,-0.010741818,-0.0303061,0.010423381,0.0053828377,-0.009877763,0.03257697,0.03925665,0.01119405,-7.8899786e-05,-0.026556969
12985,-0.020032698,-0.02453514,0.0020299705,-0.01021338,0.0007572008,0.004575956,0.021769874,-0.010570754,0.018116647,-0.021650316,-0.009307698,0.003214378,0.00081681245,-0.004696077,0.014691723,-0.0031685922,-0.039326724,0.041317686,-0.03087084,0.01784908,0.017185442,-0.0041722283,-0.005647268,-0.007954806,-0.01754719,-0.007843665,-0.0047080643,0.023495315,-0.0042899013,0.014623195
13033,-0.012897228,0.0079811355,0.011773686,-0.019870883,0.021073975,-0.004423792,-0.0070421514,-0.024863848,-0.0029307466,0.0048167915,-0.006357707,-0.0009704844,-0.015150228,1.7054379e-05,0.0007015091,-0.019462964,-0.017940128,-0.008351797,-0.030347554,-0.00046492895,-0.01541073,0.037521075,-0.0068896427,-0.016355539,-0.012135804,0.006622804,0.0070619597,0.003667514,0.030349946,0.01968212
13034,0.011678633,-0.031682957,0.020704836,-0.0043994766,-0.0024381373,0.0026008075,0.019052707,0.019706009,-0.024511779,0.013685127,0.022381142,0.010235938,-0.0011392814,-0.011166823,0.011653501,-0.031117419,0.006352873,-0.026174434,0.023079827,0.011353359,-0.023144232,0.030712306,0.00026037838,-0.013097613,0.016865436,0.026899861,0.008090134,-0.020118034,0.015733248,0.025415951
13082,-0.06496536,-0.017218096,-0.019164706,0.019720424,-0.016228886,0.014507018,0.0051367953,0.0016964412,-0.019005008,0.008229167,-0.019943984,-0.031345423,0.034614317,0.008163161,0.028927343,-0.008202971,-0.00569928,0.03788099,0.016297055,-0.0020728502,0.008486615,0.015848054,-0.037962016,-0.017476441,0.029688805,0.008611545,0.013653934,0.024918348,-0.016431956,0.029541753
13083,-0.03019982,0.0004621794,0.054124817,-0.026665298,0.001731072,-0.00143664,-0.005584466,-2.5956038e-05,-0.012737681,0.015302504,-0.011060574,0.030790776,0.032746594,-0.0054041003,0.010518511,0.036184106,-0.008324169,-0.02559907,-0.023912013,0.016521407,0.0076962323,0.010987658,-0.024839468,-0.00064365176,0.02935736,-0.00422003,0.0554197,0.02324593,0.018338148,-0.010203388
13084,-0.0050505907,0.003426468,0.057061717,-0.029482724,0.004474402,-0.0124326395,0.007926605,0.02918006,-0.009697641,0.016641086,-0.02162801,-0.0051420424,0.015713222,-0.02494152,0.008707435,-0.005616914,-0.0052284133,-0.035028853,-0.012707737,0.010678686,-0.019917486,0.005563078,0.018568993,0.012183006,0.004885007,0.012134604,0.043649998,-0.008266372,0.011375349,0.0014304552
13085,0.014760927,-0.023790887,-0.008018603,0.0050283023,0.0026945285,-0.000668861,0.023090696,0.043131616,-0.013181448,-0.012260765,-0.020723207,-0.0073389555,-0.0024109513,-0.032844704,0.022859795,-0.0041336664,-0.018852076,0.027525662,0.013870302,0.022557957,-0.012542044,-0.014760454,-0.02272203,-0.014220779,0.0072881873,0.008913706,0.007972995,-0.015437533,0.027431093,-0.0064836205
13132,-0.008116278,-0.0459311,-0.0076605077,0.014413794,-0.014721653,0.015033238,0.029388556,0.0051441416,-0.027016489,-0.013270151,-0.0018102924,-0.0050316625,-0.020653233,-0.03629142,0.0018910132,-0.0020226226,-0.018251065,-0.024771275,-0.0013667428,0.021100923,-0.01261486,-0.0060837567,-0.005233307,-0.015795598,0.027478063,-0.003707371,-0.0035370898,-0.009298109,-0.006648746,-0.009741459
13133,-0.0016691665,-0.0076731774,0.04763092,-0.0099071665,0.0066462476,0.011381596,0.0026566617,0.0038111042,-0.03139418,-0.011790584,-0.023620883,0.00455825,0.023215687,0.005490148,0.0037649313,0.026486764,0.016582808,-0.021488896,-0.0023395524,0.040716127,0.01099275,-0.013255726,-0.020912677,0.013749905,0.028206944,0.019249825,0.04610345,0.014385544,0.0013733814,-0.005284434
13181,0.014373713,0.023108413,0.019599201,0.007130897,-0.031326875,0.0033635926,0.026839862,0.0064740046,0.0059930063,0.0050065056,0.019240355,-0.023099652,-0.0077217147,0.013339841,-0.007994369,0.042810615,-0.016561363,-0.01818366,-0.030536814,-0.0055591557,-0.01585777,-0.020029,-0.0016660417,0.012152769,0.029604105,0.012499717,-0.009588639,0.023233548,-0.012890921,-0.0062406883
13182,-0.011771814,0.0009947008,0.035213236,-0.024268217,0.017821908,-0.021372927,0.02574444,0.0058838576,-0.016041314,-0.000664843,-0.034760203,-0.0019170748,-0.031088667,-0.009819585,-0.004615584,-0.010766126,-0.027282653,-0.0036004474,-0.020698842,0.032310106,0.003625257,-0.017168535,0.023798512,-0.020654947,-0.011388111,-0.0010063847,0.016714869,0.009157524,0.0014581335,0.007977592
13278,-0.011203538,-0.027906917,0.020532759,0.025997868,-0.006074484,0.014997479,0.026588382,0.027746579,-0.021671908,0.008128321,-0.055653945,0.0069760787,0.041965093,0.0018356625,0.026709368,-0.004213913,-0.011095464,-0.015709009,-0.028236574,0.0049480144,-0.022855805,-0.033513676,-0.018956965,-0.014796644,0.018958634,-0.02297879,0.026812501,0.0017262977,0.02427349,-0.036298547
13279,-0.012654451,0.004934062,0.022105522,-0.0016316412,-0.0011630853,0.012479122,0.001872845,0.018656034,-0.02399235,0.008541967,0.008800737,-0.0010894012,0.039795965,0.026076779,0.027143536,-0.0355175,-0.0145048285,-0.0080494,-0.016394017,0.018394038,-0.019844478,-0.016306028,1.9763285e-05,-0.018300237,0.01093419,-0.027942954,0.014880654,-0.028606469,0.019122668,-0.039498966
13326,-0.025430525,0.010166542,0.0013474835,-0.004122905,0.022479713,0.01183185,0.008221074,0.03757925,-0.02625189,-0.013294037,-0.020308184,0.011008658,0.030125765,0.0010498321,0.014005003,0.027274273,-0.003609868,-0.004160603,-0.017242255,0.002689181,-0.01484441,0.0056441934,-0.021678215,-0.002026205,0.010758475,-0.013051227,0.005066848,0.009679766,0.009147535,-0.011536739
13327,0.0077207596,-0.011431363,-0.0121392235,0.015959917,-0.00017078144,0.0055464506,0.0298291,0.03754637,-0.017875515,-0.011343488,-0.005933518,0.0031252855,0.04211608,0.0024426915,0.022550592,0.0009830035,-0.0026043735,-0.013955276,-0.011467483,0.0121579105,-0.026003947,-0.024587655,-0.018435143,0.0016272707,-0.011592418,0.03380124,0.019241177,-0.008717919,0.019875215,-0.03020756
13328,-0.019271646,-0.0134868985,0.024173452,0.0028624304,-0.023183184,0.018698763,-0.0039445492,-0.015795862,-0.02160439,-0.00295447,0.01864782,0.014444705,0.013874174,0.00010450906,0.00046558803,-0.0075727873,-0.008193814,0.028629122,0.0071501485,-0.0073884414,-0.011798866,-0.00089873205,0.021573253,0.027207596,-0.006083229,0.005259305,-0.0136079,0.018235268,-0.0041139596,-0.017541043
15465,-0.022128284,-0.021518677,0.0065359217,-0.013564506,0.012191678,0.005387131,-0.026504114,-0.0022199552,0.008770034,0.011028786,0.0136468485,0.010941443,0.011001185,-0.0253823,0.0017907432,0.022678668,0.018316075,-0.012192008,0.004807755,0.0077998894,0.011489364,-0.025238996,-0.057414975,0.0008084217,-0.033774365,0.016831357,-0.0071290173,0.05438738,-0.008771432,-0.0058507286
15466,-0.005309369,-0.03645836,0.021059133,-0.010924965,0.00048584692,-0.023456236,0.0023781601,-0.004255369,-0.035082635,0.011272568,-0.05944336,0.0009799789,0.001284989,-0.030491764,0.015529466,-0.013625777,-0.017606156,-0.0046139094,-0.018482573,0.010175983,-0.027430518,0.001789156,0.013699371,-0.018463934,0.010106358,-0.02043322,-0.00042255284,0.01937694,-0.026823165,0.00039700978
15467,-1.2646041e-05,-0.032272667,-0.00029577655,0.015865168,0.019350654,0.009826561,-0.0015117653,0.016135776,-0.0008570161,0.010568435,-0.016143603,0.009055831,0.030867586,0.0011908263,0.023017757,-0.0038187038,-0.030574339,-0.014686923,0.037249226,0.018697772,-0.023765264,-0.014759486,0.017184889,0.004347406,0.018348599,-0.006462594,0.013835377,0.0021961264,0.0066707446,-0.005387777
15515,-0.0019160224,-0.043151546,-0.012375113,0.0060271523,-0.00999878,0.00616058,0.017477015,-0.0023827658,-0.024128577,-0.005261047,0.002328979,0.02422229,0.0075473445,0.0035045848,0.051262584,0.018441116,0.006272226,-0.005320886,0.01605443,0.01944729,-0.013162467,0.014441441,-0.016675003,-0.0015035477,-0.016065335,0.006366757,-0.039744288,-0.008221781,-0.04073304,-0.004423699
15516,-0.011683035,-0.006182708,0.053135544,-0.010668319,-0.0012514231,0.014450272,-0.016812526,-0.03153481,-0.01943609,0.020004204,-0.0119541725,0.040911928,0.013768144,-0.0011851744,0.0015961415,0.024677427,0.0015900262,-0.0010642819,0.0023943528,0.006956855,0.015836906,0.03580687,-0.007631123,-0.0050941817,0.0034081768,0.025463482,0.042667508,0.016652212,-0.006336739,0.008004148
15517,0.02188087,0.003237212,0.020257805,-0.029874751,-0.0033679388,-0.0014025074,-0.0065734424,-0.0015076712,-0.007976089,0.0028366393,-0.018375566,-0.008148344,0.036689032,-0.017012484,0.025005123,-0.0024081925,0.0058194664,0.009750263,0.017390106,0.009650235,0.0027078537,0.0038631943,0.0128529435,0.01424678,-0.010632396,-0.0011352561,0.02039433,-0.005070412,0.0017683668,0.00934472
15518,-0.0197084,-0.012724422,-0.0164575,-0.014255428,0.00546739,0.015075301,0.022034997,-0.0013654736,0.0056495,-0.02478888,-0.052925333,0.02586472,0.014989439,-0.042952333,-0.0026954226,-0.004907614,-0.038770325,0.00911119,0.0066321157,0.024184003,-0.010060376,0.0044287276,-0.02741926,-0.0075990553,-0.0215327,-0.016463889,-0.0068234853,-0.01708146,0.00046330132,-0.0040080626
15566,0.0041878745,-0.002889134,0.021679156,0.017410994,-0.0045178495,-0.026234781,0.006052064,0.029609457,-0.018727673,-0.022114977,-0.0056176498,-0.003357526,0.011680246,-0.0013041665,0.039619893,0.005555865,-0.009669089,-0.015462431,-0.021930432,0.0072671794,-0.0012900797,-0.008992991,0.0117023215,-0.014899652,0.0023363952,-0.030078322,0.02563273,-0.007834022,-0.0013423767,0.017119082
15567,0.034771953,0.05136321,0.014605954,-0.016137594,0.0056201383,-0.016992897,0.0063729803,0.027761074,0.0058319853,0.0066163205,0.013111071,-0.001134824,0.06906512,-0.011106518,0.008463969,0.020208765,-0.01094563,-0.033343505,0.020442499,-0.007481719,0.012174797,0.009618825,-0.0024572294,-0.004160375,-0.0069780466,0.0034670772,0.024617447,0.0012793826,0.02883173,0.019454375
15616,-0.019237785,0.025789792,-0.028173553,-0.009170802,-0.033915814,-0.0147513645,0.0131521635,-0.016317245,0.04863747,-0.0047243717,-0.019952096,-0.018453209,0.010306484,-0.0058512217,0.005569884,-0.0021216413,0.0035435942,-0.0044677816,-0.03318903,0.018187253,-0.008006573,-0.019993564,0.0071643894,0.0013457931,0.005198167,-0.014474477,-0.024428515,-0.016989322,-0.014275135,-0.016722286
15666,-0.02080214,-0.00084891054,0.025388064,-0.002043747,0.0010535319,0.016668307,0.009676118,0.024640786,-0.014634922,-0.012275356,-0.011735864,-0.025018213,0.031457137,-0.017175104,0.015766481,-0.018218553,-0.010087323,-0.035244863,-0.009855095,0.009463149,0.010616989,-0.023297274,0.020882787,-0.009974075,0.0036645588,-0.0017286171,0.04094693,-0.009841192,0.013980493,-0.006124238
15715,0.0152502805,-0.007669909,-0.008246826,-0.003042421,-0.008815402,0.007962217,-0.011286245,0.006805185,-0.044169735,-0.009115412,-0.05989233,-0.0010865679,0.024818735,-0.0044012787,-0.0015481897,0.014586755,-0.02187308,-0.028168544,-0.026406445,-0.0029764685,-0.00921705,-0.02317656,0.0072329915,-0.0045201965,-0.008431587,-0.01565562,0.028932584,0.0029073048,0.023080401,-0.019701973
18050,-0.013648994,-0.00898238,0.033257727,-0.00809362,0.010968643,-0.024348356,-0.014776389,-0.0062368815,-0.031537097,0.011583599,-0.014344233,0.004642174,-0.006475192,-0.016817035,0.009992631,-0.0013576598,0.041288372,-0.025844403,-0.0025718238,-0.004099365,-0.00933117,0.012668908,-0.009411865,0.0158249,0.0044469987,0.012012936,0.04267399,0.011069297,0.00036622336,-0.0073131584
18051,0.020035258,-0.021337645,0.030818066,-0.021019155,-0.006962729,-0.0063670096,-0.022591114,0.027373813,0.001173441,0.008284862,-0.006242156,-0.043718487,0.011836573,-0.023795336,0.02374349,0.024643736,0.00049127964,0.00477669,-0.0036931634,0.004815949,0.008522985,-0.012861595,0.03245536,-0.017778082,-0.010097246,-0.012465742,0.014204815,-0.008428899,-0.030537754,0.02696281
18052,-0.00029388815,-0.012121131,0.035314325,-0.004030507,0.00023236079,-0.00048697056,0.020796582,-0.021385072,-0.0009934204,0.0007379001,0.014515315,-0.027011992,0.014671457,-0.0036593918,-0.0024164754,-0.02111894,-0.02092346,-0.00422618,0.00589251,-0.009696753,0.040643398,-0.016208662,0.0076388083,-0.0017594486,0.012385693,-0.025007546,0.0054674917,-0.012382346,0.016542917,-0.0012320084
18053,0.0125290975,-0.011137371,0.008674094,0.004118879,-0.0031293433,-0.014870443,-0.0022869182,-0.004413119,-0.019348662,-0.0080261575,-0.024938023,0.02372253,-0.018177465,0.0085856,-0.008361247,-0.036211222,-0.0108589,-0.006017227,0.020821022,0.022341168,0.020434916,0.0032173004,-0.012752051,-0.025073051,0.0037593853,-0.056839015,-0.00033691805,0.02314797,-0.004878789,0.015713954
18100,-0.017410466,0.0045259423,0.011928794,0.013881738,0.025128795,0.018218828,0.020220613,0.04500709,0.009873574,0.012786675,-0.020503944,0.020683525,0.04566322,0.010131496,0.031405114,0.009664753,-0.023070462,0.0044799726,-0.0059046834,0.017826134,0.00095482916,-0.017312061,0.030302977,0.0032783886,0.016081838,-0.020495927,0.0013603003,0.011998015,0.006542114,0.012666401
18101,0.0007911101,-0.0026021984,0.0027430777,-0.0034077044,-0.009975566,-0.006556122,0.000677359,-0.002298599,0.0045924946,-0.013536344,-0.053561594,0.016646275,0.02514047,-0.030996332,-0.009158148,-0.0034285558,-0.0030072562,0.022143185,0.012806595,0.020434657,-0.03661823,-0.020257741,-0.014034547,-0.030521581,-0.016107509,0.006361835,0.003292185,-0.0104274945,-0.008349043,-0.014319583
18102,-0.005223149,-0.043048665,-0.0054203426,-0.015947843,-0.018215338,-0.009661976,-0.024809815,0.01785068,-0.016883023,-0.002192851,-0.03361847,-0.034580383,0.033891335,0.004686618,0.018532692,-0.023529308,-0.00019631318,-0.00074785255,0.008184489,0.011192243,-0.012530639,-0.0008879338,0.015214741,-0.0032424256,-0.008751735,-0.028764473,-0.017499356,0.009965622,-0.010271861,-0.020046882
18152,-0.0005528801,0.001226263,0.009605161,-0.002565328,0.009833408,0.0014672192,0.0033540446,0.042779606,-0.021749595,-0.014766928,0.0039517735,0.017406655,0.0401095,-0.0020109827,0.031883534,0.0127137005,0.007708321,0.016063431,-0.023705393,0.006539259,0.0065019056,0.009281508,-0.020053059,0.0048179557,0.013863695,-0.014628515,0.033857796,0.015554585,0.022956453,0.017536521
18204,-0.0054477714,-0.009016636,-0.015612428,0.00742431,-0.0028126163,0.020291332,0.033723485,0.038431387,-0.022572337,-0.019224145,-0.02738691,-0.0012395667,0.022193788,-0.018863,0.009022342,-0.021366173,-0.030226953,-0.027279409,-0.024782926,0.017102629,-0.015857719,-0.02636608,0.011816808,-0.013012983,0.010891463,0.006303136,0.03338728,0.003033082,0.035394963,0.0031651706
18205,0.004190356,0.026013568,-0.005456414,0.02262684,-0.0015415424,-0.0052977186,0.034325145,0.0058164806,0.03438012,-0.022979183,-0.0050188364,-0.014524379,0.038372304,-0.004190281,0.036688995,-0.0023516824,-0.0264528,-0.0050813896,-0.0015056917,0.0058051483,-0.025149276,-0.0011420822,0.011216021,0.0014766207,-0.02067799,0.029215619,0.0018854439,-0.016789759,-0.0025434357,0.013425127
18255,-0.019395905,-0.013230424,-0.011761858,0.011706115,-0.041418556,-0.0011982401,0.032217633,0.009655631,0.0217866,-0.0122279525,-0.03522073,-0.0043646446,0.023742644,-0.040881522,-0.020352686,-0.017009215,-0.030942282,0.016228177,-0.011782079,0.021786885,-0.016607814,0.007971543,0.020563288,-0.01779861,0.02206512,0.023740271,0.032594055,0.010012084,0.012012382,-0.011463179
20671,-0.013155024,0.0070508686,0.020332893,0.009393135,0.0062319282,-0.0027106542,0.03059495,-0.006110823,-0.02245071,0.0021684407,-0.007604525,-0.020672059,-0.00046738423,-0.0102486545,0.002505406,0.015053761,-0.005649904,-0.001413771,-0.0029447675,0.003981328,0.028865198,-0.008898943,0.02661796,-0.011586438,-0.026235735,0.023725724,-0.0037078587,0.004274536,0.0053164493,-0.0025934256
20772,-0.0016411431,-0.00400628,-0.0100706965,0.018220456,0.033915896,-0.014806464,0.032697678,0.0032634556,-0.0073265904,-0.015907153,-0.042675074,0.0169856,0.013631932,-0.028239816,-0.020374967,0.027413271,-0.019377097,-0.002523755,0.0045198365,0.029514102,0.019736068,0.028542584,-0.014182926,0.0035859442,0.026176356,0.02037221,-0.00033898404,-0.026472792,0.022063898,-0.014922046
20773,-0.0017082664,-0.043020222,0.04786766,0.02543419,-0.0022542456,0.024374528,-0.00482313,0.0017867318,0.0075633377,-0.015191431,-0.0054919743,-0.016896889,-0.0077202916,-0.0073515675,-0.0022118276,-0.017639317,-0.0016313434,0.011796382,0.020658413,0.0105731385,0.0006528141,-0.01094734,-0.0011393101,-0.011474423,-0.012067308,-0.00021126245,0.027229792,-0.014651894,0.011929825,-0.005330194
20774,-0.02246964,-0.038387664,-0.029381914,0.0121106105,-0.005748452,-0.016583344,-0.028876586,-0.031905618,-0.048031647,-0.004503348,-0.0002868219,-0.028272172,-0.019748922,-0.011550233,-0.015889384,-0.032818362,0.0019318325,-0.011018447,0.029574417,-0.021887222,0.0041776816,-0.00799777,0.013438663,0.0027619042,0.03520262,-0.034500062,0.0035274941,0.023505978,0.022226065,0.004298061
20823,-0.013915504,0.029337877,-0.021217642,0.02767538,0.005309435,-0.0040046372,0.0006545158,0.029256692,0.020911245,0.0015020078,-0.051544454,-0.009371275,0.00477689,-0.0178808,0.017669916,0.026413782,0.0011192163,0.04378921,-0.01132,0.0050624837,-0.04120298,-0.020512875,0.0028826247,-0.02207621,-0.013457272,0.007632188,0.02775237,-0.004068996,0.018717855,-0.01422514
20824,-0.028746849,-0.016888326,0.021727547,0.027820893,0.014430472,0.0009914149,0.021501295,0.011714562,-0.011610248,-0.014256752,-0.031004265,0.017522851,-0.0043707388,-0.022597743,0.025500879,-0.031836312,-0.030587852,0.020084105,0.0068506966,0.024347758,-0.020518985,0.002946948,0.014213048,-0.009050101,0.020171572,0.025446774,0.006878134,-0.022390537,0.003405607,0.0134151215
20875,-0.013819907,0.0074973046,0.0036699504,0.020846548,-0.0131914355,0.00013860378,0.051365808,0.034759447,0.0039514326,-0.008974142,-0.00627158,0.011651386,0.027141375,-0.0016770307,0.01801437,-0.006934896,0.01884784,-0.0039593647,-0.00536767,-0.003793765,-0.0043419427,0.0033527063,-0.012762733,0.0031163113,0.0011452293,-0.0011015199,-0.0063973707,-0.0038059913,-0.006657461,0.019056289
20876,-0.02426306,-0.007197564,0.0046320437,0.01613498,-0.0047436617,0.0007504061,0.01829339,-0.00045564352,0.008447955,-0.026675314,-0.0117540695,0.026889771,-0.011095017,0.0014354885,0.0004557538,-0.016633088,-0.012785564,0.0111596575,-0.0033112552,0.0069959895,-0.009755496,-0.013831657,0.03184068,-0.022295356,-0.012699921,-0.017855762,0.0029996932,-0.013118747,0.00037154337,0.011216931
23356,-0.008127299,-0.00589338,-0.012143526,0.019360531,0.0054402254,0.008472401,0.0062986296,0.013438437,0.015741954,-0.0027330809,0.021014899,-9.7796634e-05,0.031457525,-0.0067887255,-0.0036991888,-0.02003646,-0.046512265,-0.046562698,-0.020386936,0.003434608,-0.03418537,0.0069590085,0.005085314,-0.005815595,0.0076408447,0.020159656,0.013332124,-0.03556237,0.014495845,-0.0062371544
23407,-0.017660707,0.02041701,-0.0061621573,0.0053150686,0.0028757516,0.009502001,0.02255784,-0.011905654,0.008908004,-0.0048059016,0.0024381187,0.0126336515,0.010676057,-0.010469806,0.028055323,0.011245135,-0.027936062,0.0050136177,0.01213709,0.017702589,-0.008310817,-0.0027107995,0.0013014507,-0.0023297677,0.0011077699,-0.0057194754,0.049598765,0.011760627,0.03385714,-0.018593932
23408,0.02562809,-0.012175773,0.0026071987,-0.0057558403,-0.012978281,0.0062296125,-0.00063282234,-0.016320549,-0.0037243264,0.0119073205,0.0012741465,0.02458849,0.026273236,-0.0018320279,0.020419994,-0.008867182,7.1654096e-05,-0.0010068318,-9.694602e-05,0.008357116,-0.021862665,0.0014194157,0.0040872497,0.018913904,0.022438591,0.018374143,0.016287789,0.008696509,0.005492764,-0.01329049
23458,-0.008404988,0.023645781,-0.002651045,-0.0026328955,0.013106692,0.009505577,0.0017198914,0.016473364,0.006820896,0.012998874,-0.02467004,0.008854275,0.009564455,-0.00561518,0.023749882,-0.009989177,-0.033276256,0.021140935,0.025802461,0.00022569222,-0.022054112,0.014576034,0.004627842,0.015692605,0.022656677,0.0031733557,0.009436095,0.005394347,0.0046486584,0.013917892
23511,0.010152923,-0.022536648,-0.0370281,0.004356907,-0.0013602324,-0.004623422,-0.029340753,0.01945907,-0.018573837,-0.007605147,-0.030739605,0.0004981747,0.01684112,-0.01947994,-0.009052381,0.0048785596,-0.009213722,0.011574361,0.02297852,-0.001948546,-0.010611526,-0.0028143756,0.04125231,-0.015883682,0.008956109,0.02025143,0.036916252,-0.033846408,0.00442108,0.017587418
23512,-0.017203115,-0.016015517,0.007148023,0.00237561,0.0112596005,-0.0035259959,-0.0007984809,0.013811168,-0.011267756,-0.004844044,-0.027464041,-0.006796502,-0.012965468,0.0045996294,0.030226672,0.027958006,0.015146128,-0.0051883166,-0.005543903,0.009306376,0.009551301,-0.034801632,0.018410236,0.002703975,0.0042698705,0.010118819,0.017351827,0.016200842,-0.017300593,0.015037469
23513,0.0027054015,-0.012997295,0.012338958,0.030041456,0.013807858,-0.015759679,0.010930491,0.00811772,0.015938444,-0.0050856904,0.036093563,0.0012119642,0.027044982,-0.004845263,0.023342153,0.013210341,-0.0151039,0.0011500359,-0.005728724,0.011846743,0.020542314,0.0034679126,-0.0067562535,0.020122131,0.008170757,0.0043632346,0.010098311,-0.0033960857,-0.007322403,-0.033283804
23564,-0.008982174,0.006412644,0.016773207,-0.0041523054,-0.004727477,-0.00629184,-0.020628072,0.0064706984,0.0018611146,-0.010671186,0.004971767,0.024848087,-0.013166281,0.01226179,-0.028123027,0.01214528,0.004013013,-0.009204626,0.0072503746,0.021209413,0.013466652,-0.0010491557,0.004675273,0.006986908,0.015518229,0.008701995,0.018357867,-0.008936505,0.0115058,0.021133594
23565,-0.017303532,-0.01415957,0.013555157,-0.011173631,0.005839102,-0.01645474,-0.03946144,-0.022431677,-0.033877846,0.010526388,-0.010058261,-0.0050122035,0.0026998774,0.011577606,-0.024279108,0.016803168,-3.6735088e-05,0.0050356053,-0.0075006126,-0.016187685,-0.025331134,0.007886965,-0.020882895,-0.0022575601,-0.003851639,-0.00025941493,0.010389301,0.025402462,-0.013979676,0.0136208795
23615,-0.015000732,-0.025966061,-0.0072137373,0.04132454,-0.00069830875,0.022084696,0.020088727,-0.0052872244,-0.008662638,-0.018182928,-0.03583621,-0.0058376216,-0.0134260105,-0.012766004,-0.003916132,-0.011523356,-0.017154934,-0.011390555,0.025990387,0.008466978,-0.014145452,0.014589969,-0.00312078,0.004281027,-0.00040699952,-0.0059652985,-0.02059588,0.0015778741,0.01845851,-0.02745062
23616,0.0034346555,0.010167354,-0.03388362,0.015393302,-0.008570774,0.021728307,-0.007582557,0.015104645,-0.016154129,-0.005842676,0.0016132848,0.0026103642,-0.032142293,0.0032668968,0.0132968575,-0.011911505,-0.0055513554,-0.0024942162,0.026821202,-0.013582192,0.00089341775,0.027676247,0.01061486,-0.011664074,0.033214916,0.0022929788,-0.008414557,0.009384912,0.02962072,-0.0027127315
23667,-0.030594187,-0.01239385,0.042312916,0.02083222,0.0008158378,-0.013592814,0.018598327,-0.014355824,0.00014298037,0.011040156,-0.02072679,0.02628464,0.000389031,-0.027704356,0.022717101,-0.02595867,-0.0071705463,0.009947454,0.02484153,0.010454465,-0.0069844164,-0.00038155084,0.020750487,-0.005433545,0.0014345986,0.037663694,-0.023654176,-0.009243174,0.00584808,-0.0030317314
23668,0.00070921145,-0.021853456,0.0308254,0.008841789,0.017290568,-0.021342369,0.013039785,0.026958242,-0.018635435,0.010808072,-0.043403167,-0.009216414,0.015464305,-0.03131682,0.022364447,-0.005392421,-0.047975797,-0.0063187163,0.009314894,0.028676534,-0.0036821838,-0.0068759364,-0.0123250475,-0.011823242,0.013903632,0.020308191,-0.007847966,0.034623407,0.01337634,-0.019842217
26342,-0.0044118916,-0.0018057992,-0.022666663,-0.00063319877,-0.009944651,0.0065329894,0.0316507,0.033209972,0.0278904,0.0077717043,0.013842938,-0.003966264,-0.008506411,0.00532096,0.02472421,0.013195257,-0.017847268,0.0014271872,0.007343843,0.0023114188,-0.024592645,0.014067533,0.011676368,0.014546752,0.00856169,-0.011559822,0.034355327,0.042305857,0.03452706,0.005869612
26343,-0.01286769,-0.033700276,0.021946134,-0.019029962,0.0012956047,-0.02497696,0.013098749,0.014068904,-0.016728505,-0.0024485437,-0.0073086135,0.010148647,0.014014657,0.0035396104,0.013777512,-0.0151607795,0.0047473665,-0.0038427003,-0.018983627,0.0031561516,-0.019707114,-0.009894404,0.0112051545,0.011335551,0.007837408,0.016389279,-0.009118483,-0.011605985,0.0036541661,0.013576899
26344,-0.035270553,0.0027962178,0.018801691,-0.0022584929,0.010856754,-0.019057339,0.022877475,0.024891974,-0.0146970255,-0.017027734,-0.006626833,0.009707412,-0.017507598,-0.046275932,-0.005479129,0.0073678126,0.03098891,-0.04174386,-0.038809624,0.022256382,-0.022529693,-0.015848728,-0.011964768,0.014847454,0.0060187615,0.033125993,-0.00040482692,-0.027249308,-0.0078544235,-0.016090179
26396,0.019939229,-0.0005898811,-0.03146867,0.03807876,0.011638455,-0.026067296,0.017278945,0.0052431556,-0.030661047,0.004550517,0.01721368,0.0033230043,-0.0057030073,-0.03900503,0.019126253,0.008415301,0.021078872,-0.007480494,-0.0005037977,0.0037784067,0.02144806,0.02528224,0.010741386,0.014414258,0.021517036,0.001988763,0.0008752169,-0.010033918,0.008475548,-0.019769045
26397,-0.018522145,0.03132002,-0.007084155,-0.0069395266,-6.654424e-05,0.0013389341,-0.024147205,-0.0031378123,-0.025607742,0.0014496219,0.010514334,0.015493576,0.0050441003,0.016150203,-0.007087864,0.0004748224,-0.011159091,-0.022588596,-0.019825948,0.0067766462,-0.0017062222,0.0075165555,-0.015523449,-0.0063058473,-0.015237232,0.0011713281,0.0025312111,0.024651883,0.040823877,-0.025857246
26449,-0.021807946,-0.013722941,-0.012982448,-0.008321277,0.00078666303,0.0019691095,-0.01013266,-0.000826966,0.0014571375,-0.006764608,-0.012533377,0.02023764,0.01723902,0.0077428534,0.03465965,0.027474463,-0.024220323,-0.02442464,0.0026452255,-0.0015648693,0.021282656,-0.024188591,-0.022102883,-0.010159706,0.045987576,-0.009349242,0.010413507,-0.00096418086,0.021574864,0.011077926
26450,-0.036416654,-0.026237644,-0.0015358686,-0.010186819,0.00708108,0.016322196,-0.009305256,0.00020606311,-0.031215401,-0.0031140365,0.010296128,-0.02243294,0.0065390863,-0.04078241,-0.0034700006,0.025025813,-0.028163875,-0.026136206,-0.0049136756,-0.0053025335,-0.0027839055,-0.021750698,0.01024041,-0.0029488988,-0.029051756,-0.023964902,-0.009309049,-0.024319611,-0.0034995612,-0.026034242
26501,-0.00071879075,0.00034296847,0.010255338,-4.4119854e-05,-0.0040563103,0.012851715,-0.0023876654,-0.0012026982,-0.038969193,0.014330235,0.0026913171,-0.011731877,-0.0075141457,-0.016848875,-0.0013061255,0.011840123,-0.011452738,0.006332684,0.022161275,0.026763782,-0.01075031,-0.0017153192,0.020346647,-0.013146475,-0.013964984,-0.002829205,0.0136603685,-0.004843433,-0.020759203,-0.014468667
26502,-0.015490383,-0.008571134,0.001520405,0.008614699,-0.014486666,-0.010806497,0.004798538,0.016969144,-0.025254525,-0.006455207,0.0032969404,0.015899999,0.0078048273,0.027014397,0.0133533105,0.030719304,-0.007390056,-0.0053320327,0.021262875,0.013131588,6.907713e-05,-0.017017223,-0.0024561724,-0.008426326,-0.01840108,-0.028785883,0.021089166,0.00058021926,-0.018532347,-0.007191211
26661,0.012376082,0.03046991,-0.019814694,-0.005657751,-0.011103236,0.017444998,0.01776486,0.018581511,-0.024615208,0.023219967,-0.028543217,0.027474357,0.023798108,0.010478596,0.02566248,0.042245705,0.003960202,-0.00825613,0.027812237,0.0076476038,0.026471615,0.01869916,-0.0076411082,0.0030164747,-0.034944545,-0.018500313,-0.0015570279,0.0067925886,0.038145438,0.00031494847
29387,-0.016340377,-0.018331066,0.04468893,-0.021862956,-0.0069379085,0.004651999,-0.024539208,0.010775539,-0.0017637039,-0.016887868,0.00053168955,0.010180197,0.008265452,0.011298421,0.0055729183,0.008855998,-0.024941685,0.026724502,-0.018658912,-0.013086877,-0.027265327,0.0317521,0.0032012605,0.0062430114,-0.018818004,0.0045568673,-0.007723889,0.007300779,0.0113085145,0.0027025265
29440,0.011698005,0.003790823,-0.01927883,0.024291446,0.041801337,0.016166775,0.0021888912,0.031335536,-0.007957912,-0.007903569,-0.005428119,0.0010315148,0.011552657,0.026089624,0.004293048,-0.0016688729,0.014443114,0.0087314285,0.003936906,-0.0129563585,0.024419352,0.040276174,-0.01651124,0.0036555417,-0.009505248,0.012361176,0.020992925,-0.0039665746,0.006795692,0.016865883
29441,-0.005066415,0.0012353454,0.015213653,-0.017999154,-0.0010446777,-0.006289383,-0.022022778,-0.0005500478,-0.038881313,-0.024095783,-0.0088284435,-0.0061584148,0.011782163,-0.0077876025,0.0069276704,0.00014145549,-0.0038438265,-0.018989058,-0.027818576,0.013658653,0.0073073604,0.012780242,-0.010853057,-0.012931983,0.00468966,-0.02188286,0.013995655,0.0046319976,0.009036132,-0.018576788
161898,-0.012405165,-0.010037822,0.009273968,-0.012413233,0.0037745684,-0.01246577,-0.018357765,-0.006787669,0.0039093825,0.01200258,0.017778466,0.006698038,0.0077629793,-0.031764805,-0.0107781105,-0.006450622,-0.019005815,0.031799253,-0.005618565,0.010386628,-0.010887645,-0.0044577713,-0.024160227,0.0130840475,0.007372105,-0.007065479,0.013346762,0.032521196,0.022885084,0.004515163
164753,-0.021216853,-0.002543775,-0.031117449,0.011162549,-0.019550217,-0.014337492,-0.0015203301,-0.01414375,-0.007008001,-0.021247307,-0.011739098,-0.007792894,-0.01776626,-0.018839126,0.019700779,0.0050174785,-0.019000659,0.0066818185,-0.028506016,-0.0022157866,-0.016344527,-0.016803326,0.0056499504,-0.028479988,-0.007854375,-0.001232352,0.004666788,0.01087616,0.018192463,0.01195306
164804,0.004203114,0.0052065304,-0.0039648185,-0.00011357525,-0.0061297477,-0.026071139,-0.025143608,0.016014246,0.0015510836,-0.010913617,-0.018044217,0.0024209928,0.01090463,0.039737675,0.0099102445,-0.00964443,-0.008338088,0.004210297,-0.013828519,-0.01842065,-0.007001521,-0.015384329,-0.02768922,0.008897072,0.02644896,-0.005695738,-0.014671625,0.009940793,0.02763026,0.013822542
164805,-0.008974884,0.0002766326,-0.023978515,-0.0072645918,-0.038051452,-0.00035456917,0.0100278,0.006559159,-0.010450999,-0.002855882,-0.015132446,6.9880356e-05,-0.011984947,-0.014502234,0.03346884,-0.009116914,0.0007307862,0.017466627,-0.06173001,-0.0034829413,-0.0055456515,0.018863948,0.0012906158,-0.017579691,-0.017449617,-0.00013304083,-0.020923244,0.03262478,0.018637633,-0.0044570104
167494,-0.00082264096,0.024771197,-0.00790897,0.0014256242,-0.00229497,0.0017702663,0.00049715117,0.016134802,-0.0028324865,0.025069525,-0.00921032,0.015701532,-0.0042987918,-0.0089581935,-0.014775618,0.0072987317,-0.00020536548,-0.046075296,-0.022859933,0.014236205,-0.0069655664,0.0035285074,-0.031227114,-0.008877828,0.055729643,-0.014741746,-0.014903128,-0.0054847575,0.013063945,-0.0041670455
167542,0.0006330901,0.004053246,0.028102934,0.00904883,-0.016217051,-0.0181041,-0.024303509,-0.03848445,-0.0012764422,-0.03674463,-0.024240727,0.025216961,0.006200118,-0.00027399746,-0.015717944,-0.00025772987,-0.010237191,-0.015927168,-0.013616423,0.010304149,-0.008274601,-0.04009181,0.02431783,-0.019293154,0.005650206,0.0030612473,0.006937777,0.012184097,-0.009454327,-0.03701845
167543,-0.025542952,-0.013788823,-0.012081285,-0.020424126,-0.011963606,-0.006660629,-0.014083531,-0.011990886,0.012101817,-0.02115083,0.004426696,-0.01207829,0.009719615,-0.029297953,0.004210379,0.008662176,-0.017510565,-0.004105182,-0.019041413,0.0009809457,-0.0023798032,0.008700342,9.0536974e-05,-0.015153546,0.021608688,-0.009367469,-0.01040437,0.030959435,-6.399071e-05,-0.013394983
167593,0.0056783836,-0.03452422,-0.022881577,0.021044746,-0.01652102,0.007698024,-0.0025101549,0.051160585,-0.018948626,-0.005127493,-0.026764043,0.008197732,0.047724944,0.009153,-0.005039129,-0.00080398686,-0.03199467,-0.031011812,-0.0088879345,0.0058315187,-0.013661389,-0.041438904,-0.022110963,-0.0014660582,0.004400524,0.020407287,0.032099266,0.008435253,-0.0016364381,0.012389454
167697,-0.017191863,-0.018708361,-0.011382557,0.005853437,0.0069817198,0.0046642814,-0.030711079,-0.0033162031,0.014280775,0.0069631734,-0.020244373,-0.00059922476,0.0197914,0.0050672633,0.03905583,-0.03558946,0.0041724104,-0.0019019302,-0.019179666,0.026850903,-0.030599535,-0.016815582,-1.9259829e-05,-0.008201233,-0.007033209,-0.0072274418,-0.04908857,0.01116699,0.03531196,-0.0072003887
170173,0.006862139,0.021334372,0.014867972,-0.005454819,0.015346922,0.01811204,0.008671974,0.014537144,-0.0059621497,-0.0012975013,-0.005987407,0.019033758,0.03100212,0.013710677,-0.011684199,-0.014612299,0.023656799,0.040305022,0.0111821145,0.013335709,-0.0061048213,-0.027221223,0.035095852,-0.009008797,0.007834695,0.016708339,0.02601718,0.055202905,0.0061286683,0.025686475
170174,0.007342038,-0.016051633,0.062134888,0.016576037,0.003743247,-0.006080734,0.0070412573,0.042116273,0.005843438,0.0077879713,0.022329995,0.043702915,-0.012997893,0.024041178,-0.014555798,-0.0013845427,-0.021314755,-0.03205102,-0.014222196,0.03140912,0.007286433,-0.030348087,0.03155577,0.014033117,0.024955267,0.01634779,0.059102256,0.03558559,0.020687608,-0.00092656974
170175,-0.007059621,0.022370229,0.010443446,-0.025738766,0.003960614,-0.028303286,0.0003957612,-0.009176804,0.027301297,-0.00929387,0.017782113,0.015147288,-0.039042953,-0.02748856,0.00047833132,0.0059263296,-0.023293631,-0.017233623,0.03619994,0.023695545,-0.011240886,-0.002785656,0.015934682,0.02821991,-0.010799997,0.009493637,-0.01362044,-0.028442206,0.008527731,0.023851
170223,-0.00062751264,-0.027631642,-0.025607498,-0.01563338,-0.004541204,0.014828707,-0.016947437,0.009643505,0.025425643,0.0012255982,0.026427405,0.013126207,0.00087419624,0.03204592,0.012938652,-0.019014215,-0.019370148,-0.008626528,0.00724864,0.0007026224,0.011565355,-0.00638701,-0.011092079,-0.008370838,0.028123109,0.022176042,0.02841948,0.023209805,-0.0011700479,-0.009473811
170224,0.010172574,-0.026355123,0.04259968,-0.0002826685,0.01076123,0.005202009,-0.020863941,0.03417666,0.019653717,0.0034148553,0.006456249,0.01753311,0.02138719,-0.0094602145,-0.0021477388,0.0020981543,-0.009109533,-0.014339934,-0.014458674,-0.012341556,0.013498448,0.022005295,0.014036287,0.028071322,0.029828453,0.019233113,0.009253049,0.0045415573,0.018325387,-0.023691332
170225,-0.019162958,-0.018914204,0.034160644,-0.0047559165,0.028079808,-0.007209405,0.008143292,-0.0021281776,-0.009299123,0.02201742,0.004039733,0.040678855,0.02797638,-0.034702253,0.016586183,0.0072142812,-0.009706392,0.03581008,0.015490416,0.022995701,0.021859659,0.01066611,0.026076356,0.012318292,0.017278373,0.049637873,0.013271875,0.05417044,-0.00852257,0.0005536095
170273,-0.008048245,-0.026644489,2.1905638e-05,0.0068735736,-0.0014296019,0.014920477,-0.013104974,0.02555444,-0.008195797,0.01974987,-0.0048415647,0.016735323,0.0006647659,-0.02998156,0.010431447,-0.026021339,-0.02384731,-0.018839885,-0.017717374,0.037181552,-0.0069090948,-0.01892507,0.00015187512,0.0004604232,0.040470637,0.043683726,0.01919629,0.030484552,-0.00033072138,-0.003353126
170324,-0.011322476,-0.022469997,-0.013665776,0.018457199,-0.0021497987,0.016239751,-0.0007496439,0.03604235,-0.015177194,0.0100713195,-0.0071955486,0.0077315806,0.040994763,0.025116453,0.025811287,-0.017191947,-0.010193815,-0.00932623,0.018692324,0.021354334,-0.0011927247,-0.011863705,0.0054081506,0.024798902,0.019713344,0.0057495967,0.021081796,0.028854072,0.016763348,-0.0073993043
170373,0.033949237,0.0073172725,-0.0012052571,0.0126488535,0.0077031446,-0.012442746,0.00046041296,0.02892977,0.022157842,0.011056754,-0.027291335,0.005899254,-0.009536387,-0.011484593,-0.021829508,-0.024200035,0.022962222,0.010436014,-0.008249104,0.017063577,0.010431577,-0.03235128,0.02167069,0.008208563,0.0074103796,0.010771426,-0.040946063,0.034647416,-0.00025822906,0.0051902183
170374,0.01862252,-0.036502756,0.014475194,-0.0043603615,0.018945755,0.013464279,0.009911598,0.0052065155,0.002457124,-0.008385832,-0.044429928,0.02022399,0.022557734,-0.010550234,0.041913018,-0.0049031265,-0.027583117,0.01616816,0.006773651,0.00481752,-0.019727202,-0.021886423,0.026481545,-0.002807557,0.0051454296,0.014598839,-0.010567281,0.013642453,0.0065709925,-0.0046850634
170423,-0.019567834,0.009712485,0.005243879,-0.004716831,0.014206562,0.010563108,-0.011954755,-0.0024968416,0.002979323,0.006221889,0.0056310575,-0.005670982,0.0027650695,-0.012375916,-0.005716335,0.018049248,0.020716747,-0.015343533,0.006876838,0.020275375,-0.026591243,0.024594724,0.00360382,-0.0076978263,0.005962266,0.015064334,-0.028432215,0.019186663,0.022295492,0.022184208
170424,0.0013702953,-0.028445035,0.018253187,0.02768588,0.002635163,0.0028009433,0.015794383,0.024616584,0.002680283,-0.012106091,-0.01863579,0.025378965,0.03314358,-0.023159744,0.005413178,-0.019908516,-0.028875878,-0.008818179,0.02123261,0.013231321,-0.01439102,-0.010221322,0.02092764,0.011654958,0.0048692026,-0.00852611,0.05053557,0.002946467,0.035519335,-0.005700407
172727,0.032078616,-0.0061761984,-0.0018763877,-0.005447934,-0.0050354013,0.0018687624,0.0012001954,0.016146136,0.022286037,0.019130941,-0.0275232,-0.02044296,0.030584564,0.027183026,-0.017941752,-0.017333902,0.005022341,-0.0047205915,0.007152047,0.008194809,0.021550672,-0.013382719,-0.015890649,0.0125508765,0.007020332,-0.011602844,0.026706582,-0.0102984505,0.0073313634,0.0146677485
172728,-0.004781363,0.0056017786,-0.0036913992,0.007406132,0.02689012,0.012394477,-0.012861024,0.02152878,0.009143804,-0.0037107766,-0.034168605,0.0083920155,0.041000295,0.030410446,0.004316816,-0.013376157,0.0053151497,-0.0011351557,0.013002984,0.01867625,0.030787056,0.023956532,0.0033793456,0.0046848003,-0.00010762519,-0.018826641,0.02608305,-0.012722862,0.01881191,0.009562644
172729,0.0011768962,0.030546742,0.026459632,0.0025761314,0.00801519,0.0003897394,0.009977753,-0.00097300234,0.004655435,0.013628027,-0.00023647025,-0.015673777,0.025591498,-0.010506496,-0.002045945,0.00085335743,3.8417522e-05,0.0029590856,-0.00815071,0.0006653574,0.008736811,-0.018958291,0.024756515,0.0024675352,0.01891349,0.027208917,0.03531458,0.025287634,0.01036637,-0.0069228704
172730,-0.018243788,-0.009278703,0.016226286,-0.03616213,-0.024870658,-0.0150392065,-0.036342215,0.012116549,0.014175971,0.005423285,0.0046191555,-0.015430755,0.027707025,-0.028225288,-0.0032210245,-0.006842017,-0.041328114,-0.020499693,0.015719049,-0.0059372,-0.03572558,-0.005207132,-0.029534588,-0.021031415,0.030477637,0.0031247837,0.003704599,0.034211796,-0.021681564,-0.011194111
172774,-0.005283411,0.004045756,-0.031001091,0.022431342,-0.008991248,0.011105421,-0.023942744,-0.0007287467,0.016503977,-0.019282447,0.0030158858,-0.0103128655,-0.015534879,-0.021886848,-0.017770927,-0.02927603,0.025145011,0.012718375,0.01548424,0.029701592,8.1530154e-05,0.012497368,-0.017616346,0.015416376,0.01729197,0.024275295,0.02424472,-0.010089383,-0.0030470612,-0.012540355
172775,0.012936597,-0.0059875078,0.005340451,-0.02928253,0.002664623,0.0074794083,-0.009732378,-0.0020864897,0.012846102,-0.0004554609,0.003970674,0.01941487,0.017240556,0.0070563345,0.0060808635,-0.016820509,0.0029803142,-0.03166015,0.01889696,0.016742012,0.02572994,-0.010009685,-0.020125614,0.011317752,0.024717636,0.02327133,0.0074154823,0.0016408042,-0.0048012245,-0.014704254
172776,-0.013893141,-0.0029178315,0.04913279,0.014079918,-0.0011315668,-0.015588656,0.037814897,0.0095221205,0.0058428072,0.011925515,-0.048929665,0.046702903,0.009178324,-0.0032446932,0.025054649,0.016453866,-0.028056344,-0.010484721,-0.013540223,0.009537238,-0.011444117,0.025991047,-0.00054673664,0.021466604,-0.017504618,0.02904877,0.008220071,0.020605305,0.004541114,0.00177984
172821,0.014296844,0.010631784,0.0021888083,0.020721735,-0.007412918,-0.003938839,0.012675199,0.03502803,-0.019722043,-0.0163597,-0.019893618,0.023121102,-0.022131363,0.00823318,0.010096968,-0.0023951586,0.0079573905,0.001680856,-0.0005871048,0.023364358,0.00048964965,0.023337692,-0.021834372,0.012059559,0.0148279285,0.0022808134,0.006488222,0.024880638,0.00096166256,-0.0034450816
172915,-0.017790707,0.0031995012,0.008015413,0.01545972,-0.001852461,-0.018844444,-0.021806022,0.017399482,0.019959206,-0.02938504,0.018214345,-0.0114563415,0.0038133238,-0.020737557,-0.0036862514,-0.0054689534,-0.018175257,0.0064238305,0.005780676,0.0047059213,-0.003654317,-0.008882477,0.0034997724,-0.010492488,-0.026600683,-0.028676847,-0.009420899,-0.03214433,0.022520436,-0.013397187
172916,0.009776594,-0.015799055,0.008449272,-0.0011005994,-0.016427964,0.012701187,-0.0026120509,0.003739277,0.0018731266,-0.019164868,-0.00028587956,0.003996064,-0.031618055,-0.033419967,-0.009480965,0.0026325693,-0.040788915,4.2257598e-05,0.014906566,0.0026152271,-0.005642148,-0.0015100805,0.0013096159,-0.009623135,0.009091564,0.012805094,-0.0011750454,-0.021526372,0.020629788,-0.028429767
172964,-0.013054427,0.009754836,-0.0014670877,0.016414845,0.0048044226,0.00897776,-0.0063209236,0.03303111,-0.00012861658,-0.013508209,0.012393105,0.0042454996,0.04864159,-0.0049116653,-0.0012578549,0.0023273418,-0.025864378,0.009694551,-0.004099919,0.022154687,-0.01187965,-0.0009886936,-0.008242609,0.01155932,0.029853836,0.019455822,-0.0083509525,0.013095804,0.02422374,0.012473143
175121,-0.006528433,-0.0049389433,0.015279584,0.0061929747,-0.0051035066,0.0050787204,-0.012576543,-0.0042533022,-0.020992225,0.01152588,-0.01610757,-0.014305975,0.050284043,0.019046417,-0.023624027,0.0074562994,-0.020085013,0.0035784158,0.014999582,0.0063391514,0.029682718,-0.0024391066,0.0018577123,-2.161724e-05,-0.018298915,-0.017401524,-0.014876199,0.018214723,0.0018050898,0.009920162
175123,-0.042117696,0.0036339695,0.011325847,-0.03743704,-0.010418047,0.0047707255,-0.021428311,-0.026450349,-0.007096252,0.0020208524,-0.01142628,-0.012179945,0.014984928,-0.021149302,-0.012460428,-0.0031736095,-0.03338824,-0.00094932626,-0.009406647,0.0051802094,-0.019521905,-0.016987076,-0.016608411,-0.041022032,0.010199533,0.0032906337,0.013474911,0.026737032,-0.013547473,-0.03621111
175165,0.005242182,0.011294961,0.04581294,0.016750459,-0.00976793,0.012452413,0.006584345,0.010233904,-0.011594456,-0.0025294982,-0.021611733,-0.004509408,-0.009325748,0.019033663,0.006115598,-0.0029437412,-0.03782961,-0.0024197332,0.0002180965,0.014249053,-0.019289399,0.023094364,-0.010578326,-0.0056529287,-0.0074861962,-0.008952362,0.01061779,-0.01739152,-0.009314704,-0.0111172
175166,2.6930124e-05,-0.0011771404,-0.014466435,-0.007116322,0.00025579115,-0.029473076,-4.798919e-05,0.013043831,-0.025066836,-0.0061268047,-0.021274054,-0.05159538,0.026596894,-0.02284952,0.010015144,-0.008601163,-0.031347178,-0.009288558,0.0117535675,-0.009313751,0.0090722125,-0.027491622,0.003966542,0.0057636946,0.02674532,0.004356167,-0.030707724,0.021888122,-0.009918659,-0.010388911
175209,-0.00072651077,-0.0011670968,-2.7368467e-06,0.017065814,-0.0037151778,0.013127533,0.033331107,0.0386177,-0.019790892,-0.0030488751,-0.024589894,-0.0001348282,0.037068326,-0.013701427,0.013319266,-0.0026419496,-0.024128279,-0.033467337,0.009971592,0.015324981,0.0024775697,0.00010114318,-0.0030420665,-0.006118664,-0.00921491,-0.002279163,0.020412989,0.036039766,-0.008496646,0.012617022
175300,0.002263428,-0.010832931,-0.023204058,0.013573002,0.010544636,0.0169243,-0.020464284,0.026511883,0.01251378,-0.007774906,0.0027369957,-0.009601061,0.02709052,-0.004205082,-0.0007433469,0.010762732,-0.032752406,0.0030171312,-0.022678027,0.011732101,-0.00019717247,-0.014343723,0.029667424,0.001373726,0.011739372,-0.0125384405,0.016457828,-0.015352472,0.009054387,0.005115177
175301,0.018420856,-0.0010643179,0.0054354724,-0.028869236,-0.0056339516,0.020750796,-0.0082349,0.014147197,0.026940696,-0.015327078,-0.009963308,0.022854472,0.006920489,-0.008372665,-0.005763432,0.011142992,-0.029583963,-0.013345866,-0.0020616383,0.008646466,-0.010528591,-0.007572629,0.016670013,-0.025858099,0.02192445,0.007406022,-0.0031870299,0.00091470516,0.015061393,0.009128865
175349,0.0036178203,0.00902233,0.017690198,0.02227086,0.016761525,0.00026322075,-0.0068120975,0.035593066,-0.010916057,-0.0030188,-0.021179885,0.024853552,0.070735164,-0.017817829,0.024926385,-0.0060077813,-0.025760485,0.02249691,0.0075914958,0.03489903,0.011060013,-0.015303603,-0.0003029555,0.023243314,0.020051794,0.016984193,0.039731238,0.030725112,0.016622908,0.01493156
175350,0.002552681,-0.0060649714,0.018026447,-0.014925338,0.008882217,0.007715456,0.027822986,0.006898552,-0.013676678,0.005757453,-0.0028137874,0.00887631,0.019889902,0.0070246253,-0.004697084,0.022336615,-0.021287031,0.020708267,-0.002540239,0.011428959,0.013684527,-0.042007048,-0.024066383,-0.007871757,0.00438369,-0.018434934,0.02909191,0.006619194,0.030389205,0.019968351
175396,-0.016702255,-0.025888624,-0.0017407271,-0.012076803,0.0031145355,-0.0038961417,-0.0022493082,0.026432179,-0.029030843,-0.0033521957,0.013488387,-0.01025401,0.031003162,-0.0014122691,-0.01718741,-0.0023592522,-0.0037973803,-0.03407255,-0.0038821225,0.01023218,-0.005309493,-0.020035034,-0.0067652673,-0.0003563726,-0.014342916,-0.016402068,0.0010696965,0.01206696,0.036199573,-0.02090169
175444,-0.024831181,0.0069611664,0.021140845,0.011954752,-0.0009961961,-0.011748592,-0.0079768505,0.007940316,0.0203968,0.014262152,0.005121862,-0.0028104756,0.019476889,0.03309436,0.0007552489,0.009979665,-0.03154639,-0.00958543,-0.004213403,0.015487585,-0.0005647733,-0.004042833,-0.019923002,0.015003274,0.0007413502,0.014623624,0.005742364,0.04820208,-0.03395006,0.031862494
177371,-0.014913272,0.021428166,0.016677324,-0.009596683,-0.0072256573,-0.009188279,-0.01937324,0.011412542,0.012702352,-0.012696753,-0.008395087,-0.01496933,-0.01630286,-0.008588276,-0.035644345,-0.0017489545,-0.0152711505,0.012667649,-0.03253874,0.005560665,-0.0075997617,-0.013984541,0.0324233,-0.010088927,-0.021915128,0.03095746,-0.00443133,0.021908365,0.0036473821,-0.011019613
177411,-0.009752232,-0.003771528,-0.005531957,0.0012255454,-0.004569598,-0.002968659,0.012324859,-0.0031535856,-0.035066962,0.0017967935,-0.0030120325,-0.008362107,0.029637694,-0.032204602,-0.014810258,-0.003641742,-0.041023683,-0.026435534,0.023381352,0.011248864,-0.015894243,0.007415014,0.0043100086,-0.0075145215,0.03084956,0.023773288,-0.0059252703,0.011595962,-0.0041093198,-0.018695759
177412,-0.047980446,-0.005098345,0.019659773,0.011305104,0.019032806,-0.008125077,-0.0077912402,0.013448648,0.00815541,0.009514923,0.0018613655,0.0004923471,0.03662319,-0.021080503,0.0017710241,0.0044878665,-0.0023906082,-0.037537497,-0.014034989,0.01959812,-0.01706419,-0.019781744,0.0075718113,-0.012592073,0.038556788,0.03785265,0.036592495,0.033135112,-0.0025098778,-0.00035907203
177494,-0.016891878,-0.015243345,0.030657591,-0.016893236,0.012082302,-0.021615664,0.00090780854,0.007065199,0.023246482,0.018044632,-0.0002898214,-0.015169688,-0.04498321,0.002009997,-0.016743412,0.005802252,-0.0089038,-0.009295966,0.0024671045,0.01162894,-0.01190621,-0.0017564452,-0.02727382,-0.007977923,0.0081840325,-0.008616413,-0.009264306,0.0051170946,0.00066879555,-0.021569498
177536,-0.019837273,-0.025597459,0.02109097,0.025360057,0.0035119986,0.0003034255,0.005130938,0.00898394,-0.0120017305,-0.0033382557,-0.01589174,-0.020961685,-0.0004707342,-0.024433302,-0.009525787,-0.021959005,-0.020010004,-0.0035428486,-0.021743326,0.0037326429,0.012945589,-0.0018443353,0.0019572808,-0.0139556425,0.010012596,-0.010762815,-0.039877906,-0.02436599,0.019092618,0.0017368896
177537,0.0021996784,-0.0100160055,-0.0025877717,-0.010357662,0.009255669,0.008554768,0.0121158585,0.03198737,0.016332073,0.015416056,-0.0014408123,0.017547155,-0.009877055,-0.01784324,0.029579706,-0.0029460874,-0.011303499,-0.008613319,-0.028626783,-0.00011072556,0.0024304602,0.0146089895,-0.014048717,-0.019978473,0.028945155,-0.0044625103,-0.012922406,-0.019288277,-0.0041493247,-0.0011629611
177538,0.016023519,0.018772857,-0.0067550116,-0.039110586,-0.0101399245,0.014985681,-0.020337464,-0.0033233564,0.0033448746,-0.0048311627,-0.019041287,-0.0049648196,0.040535912,0.0066397465,-0.001986501,0.03186353,0.0030443508,0.0046729296,-0.023990989,0.006912531,-0.024999665,-0.026427114,-0.03552702,-0.0020427287,0.004393455,0.009362657,-0.017531475,0.009388842,0.013925468,-0.003793072
177539,0.01088806,-0.0073749013,0.020465253,0.026168123,-0.0037493594,-0.015577205,0.022347955,-0.012487178,0.0015308472,-0.006023036,-0.0364958,-0.0137562975,0.0030831832,0.0141460085,0.033828262,-0.00921566,0.015746621,-0.020951703,-0.033705477,0.0011674567,0.027564257,0.0020309873,-0.028779468,-0.020926138,0.0381328,0.01656896,-0.013280061,-0.016682109,0.033278335,-0.0020427473
177581,0.005181838,-0.007561356,0.017178362,0.004789821,0.015456294,0.045686275,0.02698577,0.04302062,-0.011056889,0.014209819,-0.010182955,0.01169829,0.03673995,-0.012040519,0.0027564473,0.0358635,0.0107483165,0.012669339,-0.010823284,0.04401676,0.009485113,-0.027241677,0.0010475862,0.0012695777,0.021772414,-0.014155332,0.017825501,0.008183313,0.027505966,0.021199701
177582,-0.028851353,0.009367925,0.05331039,-0.006493172,0.0007488422,-0.0047977986,0.010482046,0.009404558,-0.0067892387,0.009059422,-0.036798876,0.01738147,0.035107605,-0.006481614,0.009011955,-0.017673096,-0.008484632,0.0028900488,0.0064314674,0.025483051,0.012357139,-0.009508515,-0.0032188005,0.0015949439,0.015540746,0.015030113,0.03478903,0.016346956,0.014292765,-0.013265236
177583,-0.0052194023,-0.009919439,0.030316226,-0.0008710902,0.020206086,0.0057039573,0.018323975,0.021648103,-0.022584865,-0.001810702,-0.01458105,0.03415482,0.062036484,-0.0073557734,-0.00079020485,-0.020191897,0.0051864665,0.0078619,0.0009875236,0.026436912,0.02593193,-0.009150631,-0.029975751,-0.00023881315,0.02489452,0.029658904,0.048592914,-0.0047578854,0.014824289,0.01822525
177584,-0.0025857484,-0.022052469,0.022052936,-0.01095438,-0.0003959524,-0.009672436,-0.010549563,0.016722733,-0.004777599,-0.02605839,-0.020833356,0.030012919,0.017344462,-0.022601223,-0.032474402,0.017166635,-0.015316666,0.018186187,0.036650136,0.02762051,-0.0053940737,-0.02988849,-0.0040524392,-0.0058707814,0.0064370316,0.0010503872,0.0017371383,-0.004069213,0.03780837,0.012890453
177628,0.0147353895,0.01604735,-0.001464411,0.014059608,0.017621497,-0.007812072,0.0107500935,0.036103252,0.0116917165,-0.0052164285,-0.004998448,0.01620256,0.04212069,0.016777003,0.011564768,0.025534362,-0.0390674,-0.011839785,-0.02923941,0.021890031,-0.022690661,-0.00050959334,-0.019314658,-0.005733378,0.0026127587,-0.0009791252,0.00981266,0.0127693815,0.017459229,0.00013213018
177674,0.001799187,-0.010806397,-0.01962326,-0.016839886,0.01377825,0.008967516,-0.019916477,0.03796924,0.023421014,0.011168376,-0.027030483,-0.008501523,0.014233664,0.0032942577,0.0029897813,-0.011067189,0.0016795123,0.0118049225,0.0046205223,0.005666133,0.011314475,-0.0012731943,-0.011260234,0.0112069,0.0054161027,-0.00085092505,0.015587926,0.021060675,-0.013646902,0.0049660313
177675,-0.024734044,0.007705357,0.002571027,-0.03462739,0.0053327344,0.0034431473,-0.018287228,0.0053268843,-0.0017921604,0.007461071,0.008697775,-0.010175437,-0.009381056,0.0043649655,0.012241152,-0.010041579,-0.0027787953,-0.010825131,0.01636843,0.015878286,-0.010129464,-0.01308509,-0.02176843,-0.0043248767,-0.02332739,0.0073649753,0.021029672,0.04170892,-0.0043436615,-0.004982015
179482,-0.0019094305,-0.012408629,-0.008606396,0.00814892,-0.005794944,0.014699941,-0.008840318,-0.0025260816,0.010050782,0.00031391767,-0.016876621,-0.004917974,-0.016910963,-0.027133927,0.008100322,-0.0015498484,0.0016801128,-0.0050473153,-0.0055413083,-0.0035819786,-0.021277798,0.020469582,0.006513665,-0.013553123,0.0115572475,0.02386683,4.037951e-05,-0.00042218095,-0.012760815,-0.0019331556
179517,0.0060406993,0.007856,0.015856266,0.022284023,-0.0070508397,0.0009527582,-0.00077628327,0.008568154,-0.016284943,-0.014545184,-0.0018841587,0.015918855,0.025894752,0.018087761,-0.009982564,0.028995385,0.014715674,-0.013260906,0.018156763,-0.0011738965,0.011579141,0.01223492,-0.0138820065,0.01668728,0.011315207,-0.0150155835,0.009795311,-0.009884092,-0.004588255,-0.0013876123
179559,-0.007547473,0.0039986162,-0.024099298,0.008403991,-0.041621927,-0.008140748,-0.023840627,-0.010289732,-0.031486724,0.010367213,-0.0021835398,0.023167722,0.017201217,-0.0038272727,0.017811824,0.018537534,-0.0023429033,-0.009310276,-0.012255731,0.0092033455,-0.03566085,-0.015665343,-0.040766016,-0.016298572,0.024956577,0.006861752,0.0338697,-0.015643496,0.013561861,0.02347973
179560,-0.027649464,-0.0049597383,0.008227222,0.034298908,0.0028361797,0.00070916006,-0.021428427,0.019621227,-0.030871406,-0.0034746632,-0.015836332,-0.009620878,0.010849528,-0.0054228287,0.0165096,-0.01952506,-0.0042766407,-0.041862745,-0.004223704,0.0067662154,-0.026634896,-0.013309424,-0.0083776945,0.0051675118,0.025187165,0.031369153,0.04252405,0.018684393,-0.0009132245,-0.0007438107
179597,-0.0036795114,0.024254173,-0.003246887,7.2343275e-05,-0.02100935,0.019248335,-0.03480437,-0.03021167,0.00043691194,0.012557964,-0.0058019715,-0.01591405,-0.011663848,-0.0060270396,0.038109455,0.018930675,-0.0028453497,-0.01589107,0.017320687,0.0044292603,-0.006035687,-0.026576957,-0.01755157,-0.0031557474,0.05919348,-0.00424244,0.007697228,-0.0029818874,-0.0054626935,0.026559392
179598,-0.020696564,0.053332914,-0.014267836,0.00836701,-0.0017135459,-0.015900424,-0.01998541,-0.015198767,0.020637281,-0.03378197,-0.03532888,-0.021511054,-0.005742176,-0.033670727,0.006691444,0.028966688,0.02159716,0.0064006033,0.010528722,0.010915134,-0.0069020414,0.0124698775,-0.008790332,-0.007141095,0.01702324,-0.015110244,-0.018601334,-0.025958428,-0.0058207233,-0.034757886
179599,-0.007500853,0.01835994,-0.0065001105,0.010589965,0.00053802243,0.0019587297,-0.015481534,-0.0048715156,-0.03196667,-0.00786649,-0.028069532,0.0075110397,0.0025345373,-0.012133374,0.010504498,-0.008312973,-0.020254282,-0.028356338,-0.004282556,-0.002123297,-0.016312256,-0.003137407,-0.0059803,-0.024063801,-0.007490085,0.020833336,-0.003957121,-0.014517794,-0.03020708,-0.024636328
179600,-0.010173385,0.008155845,0.0137664005,0.020397265,0.008363695,0.005729601,-0.017413376,0.014159015,-0.03455201,0.003053058,-0.0239468,-0.017587023,0.030376052,-0.02545883,-0.0066548814,-0.014993879,-0.034446996,-0.033888977,-0.018471034,0.011480068,-0.048906762,-0.008527826,-0.0018435762,-0.0059504905,0.015238601,0.040008284,0.017877782,-0.008300536,-0.0126756085,-0.019003801
179638,-0.018684858,0.009201907,0.0025720869,-0.023519889,-0.011817284,-0.016286666,-0.0157475,-0.02399162,-0.0013074955,-0.00016400567,-0.019061035,-0.0010116833,0.02328094,-0.024836764,-0.017987091,-0.0109940255,-0.03464171,-0.004556846,-0.0073472676,0.015969522,0.008920778,-0.013203497,0.011277738,-0.019268027,0.00083504367,-0.01978308,-0.020837383,-0.015042401,0.014080507,-0.031601314
179639,0.0015769453,-0.03487994,0.02270063,0.00990053,0.022463204,0.0014299437,0.00029424703,0.03654554,-0.0118475035,-0.0112583265,-0.021120688,0.0055138855,0.042264804,-0.022545138,0.016827166,0.0023724344,-0.003840144,0.009078096,0.0038349836,0.03469257,-0.0050815176,0.0061770324,0.00016350888,0.0004090493,0.01830204,0.029870657,0.04157069,0.008333101,0.012226854,0.0075384253
179640,0.03822871,-0.009533338,0.038709868,0.005638921,0.032454208,0.023349969,8.73929e-05,0.034973588,0.0018080951,-0.011291548,0.0036952465,0.03395154,0.021125384,0.016099738,-0.017198145,0.021910414,0.015418053,-0.0400875,-0.002763701,0.04162937,-0.017559726,-0.023856862,0.011942218,0.001751539,0.024168601,0.026346562,0.038980823,0.006988432,0.019946042,-0.0051101367
179641,0.01506605,0.008213213,0.015852509,0.015794845,0.00941835,0.026468778,0.008760795,0.029104302,-0.020641135,-0.022824714,0.014050234,0.032970574,0.019194745,0.0030863553,0.024629371,-0.016021634,-0.002295416,-0.002117743,-0.01568519,0.031017879,-0.00908025,-0.01588023,0.0078102346,-0.0052160234,0.0042842017,0.019524544,0.02151221,0.020427965,-0.012104954,0.015336026
179642,0.010249493,0.01044331,0.010015086,0.029852688,0.012760657,0.005988471,0.006483063,-0.006120749,-0.028093271,-0.0029905422,-0.00072463043,0.025467208,0.033359613,-0.029050658,0.0030215767,-0.029708149,-0.017259266,0.0031542399,-0.010798936,0.024793265,0.010312654,0.020278966,-2.9503988e-05,-0.015681831,-0.011101677,0.041706715,0.026106022,0.0027432416,-0.021730972,-0.0065718037
179723,-0.017159168,-0.0043129404,0.008693124,-0.00325746,0.012172255,0.013532653,-0.011344421,-0.010190228,0.005359828,0.003889406,0.02905442,0.010012245,0.043091524,-0.023340007,0.010602915,-0.004774599,0.00984475,-0.026098637,-0.006706545,0.0181432,0.013265691,0.005761745,0.018037373,-0.013595319,-0.0296059,-0.0073653623,0.023679227,-0.02072072,0.018619848,0.006950967
179724,0.0061063603,-0.0005498035,-0.008940876,-0.013327162,0.01398456,0.023517905,-0.0042987717,0.01950642,0.0043147043,-0.00045157783,-0.002917494,-0.01958911,0.02110356,-0.012849127,0.007065362,0.035586506,0.002099794,-0.0018942297,0.002310561,0.007973724,-0.00580328,0.03425248,-0.018330561,-0.013116319,0.022690432,0.004759204,0.013926496,0.016416293,0.0054605477,0.015614147
181462,-0.009116805,-0.005980698,-0.0047205207,0.0059860796,-0.0021031878,0.018534372,0.007192105,0.043688964,-0.002425667,0.01971796,0.0035663757,0.00052494,-0.015501176,0.02102013,-0.0016385838,-3.298372e-05,-0.0039753015,-0.014632396,-0.0065409616,0.0038347673,-0.006266246,0.013604656,0.022806183,0.017085692,-0.0015063435,0.0029889701,0.00847306,-0.008922869,0.018272845,0.03370627
181463,-0.0051691695,-0.05923611,-0.01272205,0.0047179484,0.0057532727,0.018194772,-0.044419482,0.009825598,0.012495919,-0.009846647,-0.018739916,-0.0013287663,0.027977547,0.028199906,-0.010633792,-0.005032048,0.0044196784,0.018895468,-0.023005776,-0.014577258,0.010114027,0.011611234,-0.03548296,-0.006595917,0.015869012,-0.010177826,0.008419554,-0.031576473,0.02419352,0.0032191202
181498,-0.010121708,-0.034616034,0.015682932,0.026530012,0.01636784,-0.009443762,-0.012365512,0.018265992,-0.012564694,-0.021122225,-0.007848602,0.01501171,0.00648714,-0.020366754,0.013404064,0.005255,0.00791046,-0.022217052,-0.023294687,0.020054264,-0.023218038,-0.027214488,0.0037063211,0.008644016,0.039779324,0.016092679,0.053824496,0.0071515036,0.016466925,6.678995e-05
181499,0.015053164,0.0073895403,0.013211001,0.021023981,0.018677643,0.01615738,-0.017180515,0.017354608,-0.011894271,-0.009980328,-0.021049378,0.017780095,0.028251722,-0.031748157,0.002129294,0.00030670813,0.002534541,-0.016170207,-0.0073803477,0.01759275,-0.014725071,-0.008864808,0.009672975,0.00092436624,0.019152334,0.02607861,0.038525343,-0.004449157,0.014848038,-0.012543698
181500,-0.017762894,0.037315536,-0.0147917,0.01681071,-0.0052122534,-0.008374876,0.009925057,-0.0041456353,0.0016838548,-0.017454823,-0.04445328,-0.013203435,-0.0045403875,-0.023503767,-0.0062647057,0.0064356313,-0.057809293,-0.011857244,-0.019591486,0.011096996,-0.017049195,-0.019150218,-0.008471361,-0.018141514,0.004581427,-0.017511325,-0.010022364,-0.014031544,-0.02694009,-0.025478592
181501,0.012776515,0.005336734,-0.0030915,-0.0067524794,0.027529592,0.0001841889,-0.0018414309,-0.0077988836,0.01956906,-0.014333037,-0.020780422,0.012295975,-0.0026125957,-0.007547503,0.019714221,0.0068042655,0.0013801157,0.007406617,-0.021552624,0.033993814,0.009616271,0.020200396,-0.01297908,-0.023057789,0.00026246626,0.009484961,0.022688031,-0.04148799,-0.0062082834,-0.012168617
181502,-0.0043457877,-0.009651048,0.031107388,0.03132429,0.0108893635,-0.005103049,-0.014650797,-0.0056877728,0.003831466,-0.0045998017,-0.031674746,0.016280094,0.015598328,0.010838076,0.05196606,-0.0058912747,-0.021289771,-0.004738473,0.0031003046,-0.001276773,-0.02766938,-0.021656787,-0.010416199,-0.023554249,-0.0036092494,-0.00881072,0.0044498458,-0.0031572431,0.016076874,-0.006912049
183112,-0.03390472,0.008610277,0.026527412,-0.003548194,0.01129752,0.0029904868,-0.0115587,0.017291667,-0.032084197,0.0019240113,-0.00874073,0.007755205,0.028763311,0.003163008,-0.017023403,-0.010584004,0.005846323,-0.005456532,0.011504305,0.016663691,-0.009003372,-0.015224288,-0.023591409,0.0093393065,0.020411357,-0.00042949928,0.012199896,-0.0057442426,-0.0022653907,-0.014212168
183148,-0.022366188,0.005691927,-0.013997956,-0.014403063,0.0030962543,-0.0075911363,-0.0206821,0.005031786,0.005528321,0.0013566399,-0.019619046,-0.03486533,-0.00011661928,-0.019137891,0.009740278,0.013770587,-0.019118017,0.00805322,-0.012838479,-0.009595654,0.017091831,0.002285734,0.0037916687,-0.020335075,-0.0008865874,0.008651175,0.01986955,0.0065850033,-0.01332155,-0.0038013086
183149,-0.015472747,-0.003711323,-0.00047666454,0.024311945,0.014991574,0.016920289,-0.024554847,0.032078583,-0.002526975,-0.0033433486,-0.0136418,0.004222425,0.008721455,-0.023670688,0.02437917,-0.009265396,-0.0032088968,-0.010523303,0.008696452,0.0068842806,0.012132265,-0.0005967301,-0.007758904,-0.006084626,0.05552047,-0.0075438395,0.048971698,0.0065016174,0.013525165,0.0126719065
184584,-0.008678439,0.022138596,0.022048308,0.014841865,-0.0035465267,0.014500369,-0.008327668,0.008605241,0.012866261,-0.00050475757,0.0045173424,-0.0027965375,-0.00928698,-0.023205219,0.031730164,-0.020051694,-0.0270752,-0.002555498,0.019360233,0.010189514,-0.02682856,-0.0061085117,-0.0016829151,-0.010527607,0.026259236,-0.018953612,-0.039108463,-0.025989791,-0.0032350533,-0.004280827
