,zebra,kangaroo,lion,penguin,turtle,raccoon,tiger,monkey,camel,deer,rhinoceros,cow,giraffe,elephant,fish,sheep,leopard,dog,squirrel,horse,alligator,bear,donkey,ant,bird,bee,cat,rabbit,frog,goat
87922,0.030323066,-0.010375992,0.020191878,-0.012071635,-0.0027454023,0.002008452,-0.023699043,-0.006251981,-0.014817785,-0.034555085,0.0037482586,0.0073427022,-0.051756028,-0.0054351897,0.009124787,-0.018181324,0.0037796486,0.012192997,0.0059219785,-0.0019018389,0.009685367,0.02369895,-0.01434894,-0.010548019,0.02301845,-0.021325415,0.008627503,0.005434496,0.027904876,-0.026006661
88028,-0.018255582,-0.027029598,0.00034673946,0.019119496,-0.008513848,-0.022431104,-0.013111436,0.017433558,-0.0034217853,0.00082410127,-0.015339146,0.0058805733,0.009128877,-0.017427517,-0.011208269,0.010253173,0.00090738497,-0.0015131546,0.007688875,-0.012516458,-0.012591275,0.006900238,0.015629327,0.002205165,-0.0019069487,4.5707293e-05,0.012924609,-0.0151928095,-0.008385108,0.023849683
88078,0.006333299,0.015403637,-0.022315888,0.016618656,-0.0017720655,0.0046532624,0.001601285,-0.0036410063,0.007767828,-0.01687275,0.010341554,0.026472626,-0.032395896,-0.0071282773,-0.02214259,0.013021273,0.029838556,0.030036962,0.0009688949,-0.013035384,-0.0016606223,-0.0008511734,0.019067282,-0.007297004,-0.008386603,-0.0014527295,-0.0021120484,-0.010553696,-0.015321846,-0.033175033
88124,0.0029428639,-0.006050627,0.0026163931,0.03461958,0.025584491,0.021031985,0.03161592,0.003166764,0.017182523,-0.02810677,0.009162925,0.011752505,-0.0044098534,0.004332659,0.002039017,-0.004934166,-0.0017090213,0.013508186,0.016801875,-0.014843506,-0.001365393,0.022454813,0.027133599,-0.0010403538,0.05602183,-0.016362244,-0.010650068,-0.0040605194,0.02590206,0.0021548383
88168,0.010817222,0.01750029,0.03377008,0.0034822437,0.020270707,-0.00027751396,-0.0018392885,0.010895625,0.0015487632,0.0016601011,-0.018944358,-0.006709793,0.03291515,-0.0126612475,-0.016364649,0.023338258,-0.004434664,0.012594075,0.010031566,0.006524338,-0.01958433,0.011235811,0.024247741,0.0017570625,-0.008348101,0.014641247,-0.010905336,-0.020494612,0.0046037296,0.011895638
91428,-0.007050345,0.015503445,0.024843419,0.015159463,-0.038294163,0.02306105,0.005011357,0.018226543,-0.0086962255,0.01757394,-0.014994952,0.0036798324,0.02139276,0.009674254,0.04495296,-0.036045972,0.015663767,0.009596218,0.0043496825,0.007525128,-0.022074679,-0.022879615,0.03733754,0.0068352795,0.022579543,-0.0155565515,0.031141981,0.010197504,0.012366327,0.00022607918
91429,0.009434397,0.005172878,-0.004569916,0.018661523,0.02545827,0.0053579086,0.024352783,0.015577715,-0.00055818196,0.026703408,0.0003686035,-0.0075937584,0.0026377055,-0.014551305,0.0068493467,-0.01099461,0.01973982,0.016518893,0.019417876,-0.006564951,-0.0015358255,-0.00750168,-0.00058626634,0.028590566,-0.004802034,-0.014556386,-0.016079359,-0.0007129265,0.006321916,0.0289653
91487,-0.0076248557,-0.011217095,-0.015329045,0.03358071,0.012852161,0.032480754,0.008402169,0.012323205,0.013935779,0.017079668,0.0141754495,-0.0013880054,-0.017602682,-0.0019235718,0.024552414,0.0028956905,-0.021407343,0.0051573873,-0.010153866,0.006971752,0.01638458,-0.0015376155,-0.0060056807,-0.029306414,-0.0016390738,0.0046394533,0.017942177,-0.0077161347,0.006036464,0.0046708467
91542,-0.0013325928,-0.0043558814,0.0033102937,-0.023574246,-0.02202946,0.010762517,-0.025777617,-0.009747357,-0.019886183,0.0009944424,-0.018528808,0.00070928776,0.009540924,0.036518406,0.0026376918,0.013071767,-0.009019479,0.032249108,0.0036013154,-0.020267405,0.0014324834,0.01242929,0.010156875,0.017897954,-0.038408775,0.0024269095,0.012331937,-0.0068871467,-0.0018055923,-0.0062866607
91543,-0.011886372,0.04908907,0.0015820827,0.013840158,0.02523578,0.014537421,0.010539857,0.0029348873,-0.022818225,-0.00850757,0.0046970593,0.0058173127,-9.88779e-05,0.007484213,-0.0014048734,-0.031469252,-0.0010792249,-0.06347727,0.008104116,-0.016564459,-0.00035630842,0.00905605,0.0039174855,0.0040101134,0.007912538,0.028592134,-0.013057805,0.014548381,0.000795098,-0.0009615876
91599,-0.00367173,0.014259655,0.0034636438,-0.0083318,-0.019419765,-0.0039052293,-0.015189041,0.0011933477,-0.03833689,-0.017649302,0.02111389,-0.032724787,-0.03357627,0.011798028,-0.0064898096,0.001194379,0.0037981446,-0.008007168,0.008945156,0.0070200246,-3.536775e-05,0.018810822,0.008388215,0.01514144,-0.026710177,0.004577127,-0.0150777595,0.008632761,0.023653949,0.0047372514
91655,0.0076475726,0.017450076,0.015525387,0.010549934,0.0027177453,0.0024169257,-0.009536934,0.018653315,-0.013809749,0.013472778,-0.0013926843,0.0030447382,-0.0027418148,0.0030588538,-0.015672287,-0.0042713997,0.0023314927,0.02631662,0.018849846,0.0053938297,0.013293314,0.00073541625,0.0020256422,0.011352246,0.0027610858,0.0059455517,0.033291023,0.004912508,0.02565135,-0.0033881317
91708,-0.04057079,-0.0048454944,0.0035916588,-0.054220807,-0.020857012,-0.0009155553,0.016087307,-0.017128205,-0.033964958,-0.020290753,-0.05558951,-0.026481966,-0.020865059,-0.023001732,0.014645286,-0.010219038,0.008852783,-0.028079934,-0.004856951,-0.0051315646,0.011108275,-0.029084397,0.009613638,-0.015345485,-0.028929308,-0.021128131,0.0048281695,-0.019066708,-0.01346301,0.0011294311
91709,-0.01671534,-0.00017750946,0.020293595,-0.04263991,0.0006249805,0.008723785,0.033312734,-0.0004958588,0.011789721,0.014428328,-0.0056242733,0.013766032,0.024173776,0.01475747,0.014778144,-0.0148955425,0.026791759,0.023822667,0.011755042,-0.0032587461,0.021180188,-0.0017544562,-0.009558056,0.019516366,0.031070761,0.007729944,0.008951989,-0.005592227,0.01739812,0.018192066
91760,0.015339433,-0.018327324,-0.009842475,-0.011248811,-0.011302128,-0.010365318,-0.015441216,0.0064055338,-0.024940705,0.0006762094,-0.031171532,-0.011292011,0.01772754,0.008252972,-0.015113048,-0.016860051,-0.009372152,-0.0035488692,0.03719277,-0.012657757,0.0068709604,0.008870319,0.029517153,0.0005276057,0.023142591,-0.0064206817,-0.0056904363,0.0010551872,0.0065751276,-0.035486948
91761,0.0037005497,-0.03542739,0.026254384,0.021641864,0.0058255848,-0.0005178715,0.0048431265,0.0073067583,0.005901767,-0.007982598,-0.035308883,0.0061195623,-0.015162383,0.024226956,0.0063839494,-0.011480063,-0.027416661,0.013076098,0.015903233,-0.0013715457,0.0030966168,0.0011854979,-0.0029080168,0.022118906,-0.024413088,0.024896001,-0.027783712,0.023272274,-0.00077286386,-0.033513222
91806,0.010172588,0.0071024727,-0.037346385,-0.019240368,-0.040709864,0.0006712808,0.0018563885,-0.02833346,-0.011892528,-0.016171608,-0.021046048,-0.018737089,-0.008668075,0.017687147,0.0045666522,-0.029103361,0.006083812,0.0031380558,0.007843577,-0.013127797,0.00016659871,-0.005642278,-0.0073167314,-0.0072658863,0.0014630087,-0.007993963,0.0022566698,-0.01731687,-0.014823682,-0.018862212
91849,-0.0071201944,0.013756644,0.0062330007,0.017489398,-0.01781893,-0.028308615,0.011121715,-0.00012043949,0.018175272,0.0048993737,-0.0013982691,0.004692571,0.019611238,-0.008837378,-0.0014096905,0.0026184048,0.023697605,0.0055408427,-0.00021882728,-0.010107531,0.021745602,-0.030011406,0.035682682,0.02512689,-0.0027576003,0.005612859,-0.007740836,-0.00710728,0.0054319096,0.0021137216
91850,-0.020477464,0.013998819,-0.0041244063,0.0041178945,-0.0059489477,-0.019655691,0.028286817,0.0007020706,0.042139474,-0.018350856,0.0036743951,-0.0017802439,0.01136764,-0.021236032,0.008491066,-0.0051633082,-0.016224993,-0.009565653,-0.0018699093,-0.014616153,0.006269119,0.03028532,0.02103152,0.0130523965,0.050017517,-0.017153485,-0.013703418,0.006195009,0.010316866,-0.008896738
91893,-0.027223038,-0.019873405,0.014495087,0.015187121,0.0077293725,0.01344064,-0.005465735,0.014955741,0.011661771,0.009710015,0.01653472,-0.012619522,0.016540082,-0.003961356,0.0061986707,0.0013219238,0.03229499,-0.01853316,0.0016203681,0.024138905,-0.021208031,0.00011415209,0.011727967,0.007509161,0.016891753,0.042887684,-0.022363104,-0.029057926,0.018684873,-0.007080032
91935,0.0008481241,0.00048450567,-0.013607773,-0.029820794,-0.00379376,0.030455194,0.013094518,-0.009827107,0.0033698601,0.013382767,0.004563566,0.011687711,-0.0026449796,0.014138617,0.0025315548,0.0013622768,0.008186518,0.0059934445,0.0060720914,-0.00295918,0.017238716,-0.006157495,-0.009008637,-0.013609957,-0.014886186,-0.0019338505,0.007968222,-0.021668365,-0.0028184473,0.010047722
91979,-0.03318219,-0.016760295,-0.0034105154,0.017848065,-0.003679381,0.0069961534,-0.010029913,-0.0076941843,-0.008780523,-0.01688567,-0.02502203,-0.0075310008,0.012418932,-0.0028286874,-0.0010248056,0.008501886,0.0018754316,0.0055585057,-0.01060924,-0.0027508216,-0.02915459,0.03233033,0.018177781,0.020178314,-0.02835136,-0.012384106,-0.017815068,-0.006042622,0.02683983,0.012941495
92023,0.027540619,0.01656305,-0.01683817,0.011466783,0.01507489,0.0035849924,-0.008730027,-0.0029947956,-0.0006759735,-0.036195017,0.00023171182,-0.0041283877,0.032262124,-0.029043669,0.00084155845,-0.0067171357,0.017674109,0.01726635,-0.017202377,-0.0036754662,-0.022722133,-0.023900377,-0.008387434,0.015816502,0.009115574,-0.007874802,0.0080110105,-0.007434812,-0.013344877,-0.00474277
95094,0.017392784,0.030209756,-0.02721929,0.003544974,0.0024376262,0.0121732205,-0.004696962,0.007644405,-0.00790118,-0.023893384,-0.01570236,0.007281156,0.002576599,0.01746049,-0.009893528,-0.030415168,0.021446504,0.029395156,0.0169637,0.0036350675,0.008578419,-0.009367841,0.029124057,-0.01667205,-0.039580334,0.026704459,0.011692919,0.0046877447,-0.0073542832,0.022085892
95150,-0.018524768,-0.0023305193,0.011007669,0.009916979,-0.005962403,0.016790038,0.03545053,-0.0028143257,0.007517043,-0.0041091535,0.0045732884,0.0085780425,0.01568331,0.023637252,0.013338198,-0.03234907,0.037264407,0.020346964,0.0035998374,0.0027597602,0.004968839,-0.031804573,0.04534185,0.0053011696,0.009054383,-0.028530588,0.015654093,-0.013196775,-0.0043495945,-0.0007558316
95151,-0.0070603117,0.003927117,0.016478,-0.011736234,0.0012926199,-0.027194068,0.033252608,-0.010565701,-0.009702333,0.004226901,-0.002638299,0.013462417,0.014930463,0.02438947,-0.026914224,-0.006112361,0.023681253,0.01778147,-0.002728833,-0.014983668,0.007524982,-0.009308955,-0.0020061878,0.0226435,-0.020624563,-0.0016458953,-0.012951278,-0.014382706,-0.003739462,-0.019922873
95152,-0.024287796,0.006274438,0.02471224,-0.022894448,0.01915274,-0.019079244,0.003712328,0.024589702,-0.013075556,0.023388574,0.006692313,-0.019610858,0.02384602,0.03904913,0.03234323,-0.028785242,0.017893374,-0.0009594308,0.005509142,0.008057011,0.0058393483,-0.011166626,0.025837043,0.02232503,-0.03677253,0.02213484,0.031239493,0.0008344874,0.027825316,-0.0022220192
95209,0.011776973,0.007273495,-0.010759109,-0.015069425,0.024700083,0.030638734,0.021683926,-0.00774969,0.020239115,0.005323892,0.024590895,0.009354033,0.005557291,0.01288335,-0.06258743,-0.010558051,-0.0001910717,0.009290058,-0.0035268264,-0.00042809453,-0.0034611796,-0.008399957,0.0054838206,-0.0025784296,-0.0030389496,0.030653732,-0.010113383,-0.0016632174,-0.023998095,0.0016123817
95265,-0.029684693,0.014110747,0.013408496,0.006750492,0.009142142,0.019071529,-0.004687929,0.009746011,-0.012382816,0.0037811848,-2.1046959e-05,0.008847999,0.0035264154,0.0060579367,-0.02793563,-0.023349406,0.016168093,0.004002391,0.0017348403,0.016306931,0.0128163025,-0.02027093,0.021326974,0.0042968933,0.033976216,0.02408836,-0.0076695345,0.013652534,-0.006777387,0.0076339873
95321,-0.04038092,-0.012837939,-0.016321175,-0.008559383,-0.013197114,0.030075597,0.0065640453,-0.012275933,-0.040573493,0.022438047,-0.010281794,-0.0047671106,-0.04366534,0.029439429,0.009568538,0.014010001,-0.025644293,0.018919805,-0.02208586,-0.01051657,-0.0016900523,0.017348489,0.01107059,0.016150875,-0.0022848,0.022475252,0.0013035173,-0.01330841,0.014719115,0.013703919
95377,-0.0022522912,-0.0017819818,-0.007217113,0.021640966,0.0071684555,0.0059568663,0.012685274,0.009939829,0.010147181,0.003863562,-0.01881215,-0.0058356267,-0.00047555598,0.018034017,-0.03713714,0.0050078738,0.0107186735,-0.009912502,0.003594245,0.0043191835,0.017088426,0.012870564,-0.009172483,0.003929905,-0.020166053,0.0063526593,-0.0066290796,-0.011130343,0.0031973363,-0.0021357213
95431,-0.019356424,0.029696753,0.028599584,-0.0001494363,0.007913558,-0.0105508985,0.026864292,-0.0039120107,0.027558668,-0.018718308,0.00066074374,0.018809313,0.012239418,0.01993827,0.05529606,-0.009735531,0.017469907,0.028154014,-0.0036168937,0.0036340558,0.0088381125,-0.02402778,0.0019940082,0.030499794,0.0016381353,-0.014400327,0.021072337,-0.0022267757,0.016754553,0.0025741358
95432,0.0086774975,0.01688725,0.028110871,0.039667618,0.0011573583,0.016964441,-0.012164037,0.014904701,0.013842846,0.018277064,-0.013440755,0.0086393105,-0.00874717,0.023339242,0.0046787285,-0.002494649,0.0012233794,0.0050035412,-0.0107390955,0.006685788,0.014333856,0.040771596,0.023734875,0.027836837,0.016245851,0.026078159,-0.020413222,0.019683084,-0.013363316,0.0046875486
95480,0.0044793296,0.0031382602,0.022809459,-0.024532355,0.0154809905,0.012431626,0.021145208,-0.011440277,-0.011611997,-0.016952723,0.016551223,0.004399772,0.048654675,0.004320568,0.027193235,-0.043205734,-0.005163725,-0.01396631,0.042353213,0.0069662146,0.0013626736,0.010541056,0.00029111002,-0.004588989,0.0065185614,0.039566606,0.018578846,0.02049626,0.014915836,0.0043838625
95524,0.011623883,0.02142415,0.007879577,0.005690722,0.028761404,-0.017730841,-0.023152208,-0.0020903805,0.0037058543,-0.0019289776,-0.034279283,0.0050699306,0.005205259,0.015196483,0.0283115,0.013374373,0.0306466,0.035150986,0.0029600877,0.0076038926,0.01923707,0.011330607,0.038963746,0.021667147,-0.04403767,-0.0020132002,0.021974258,0.004716822,0.012154854,0.007769163
95525,-0.013515723,0.0012745699,-0.011486369,0.008279133,-0.003257217,0.0071995626,0.017728455,-0.020417197,-0.00024916916,-0.0030688646,-0.0112225525,-0.028733678,0.0028608541,-0.019963302,0.014840573,-0.012935986,0.03855899,0.035414405,0.011185621,-0.008180856,0.0036780348,-0.02859399,0.018655391,0.027507214,0.0063351295,0.0043314616,0.025355732,-0.016951969,-0.017646654,-0.005847133
95569,-0.011630222,0.032437436,0.008494768,0.0048123295,0.0013099177,-0.0042189257,0.0019594615,0.012915266,0.004462159,0.007674312,0.016100489,0.017892798,-0.003855224,0.0039285426,0.0015064967,-0.01799848,-0.022677884,-0.00028317483,0.014415198,0.018189741,0.00037331655,0.021025164,0.01415769,0.0072051934,-0.0016559319,0.014243837,-0.0029329944,0.0050280434,-0.0017596536,0.0010938589
95611,-0.024021357,0.0064015947,0.03342128,0.014864422,0.0021017191,0.022156266,0.004741868,0.014341451,0.020592762,0.03589473,-0.02904126,-0.0127298795,-0.0033713325,0.022048414,0.027783902,-0.0058644204,0.015272359,0.009050041,-0.0048412806,-0.001794571,-4.2839285e-05,0.010029146,0.0069249063,0.015934572,-0.03134041,-0.030212557,0.0037725053,-0.017541897,0.017194614,-0.008313573
95612,-0.019470576,-0.031367663,-0.0045480314,0.0054485262,-0.0070237634,-0.005760709,-0.015948987,0.0015121541,0.012562831,-0.028399542,-0.0015404675,-0.014596707,-0.010622363,-0.0013513513,0.019223843,0.00853823,0.0012516206,-0.0032261647,0.013843905,0.01307286,0.0039655315,-0.028167492,-0.015847119,0.00072505075,-0.017208055,-0.013719498,-3.7321046e-05,-0.015569649,0.011037325,-0.013202675
95654,-0.035954777,-0.0102017475,0.024371998,-0.006192693,-0.023716634,-0.01970678,-0.006710095,-0.00089511933,-0.0068586706,0.0072922907,0.004875922,0.01886035,-0.03599233,0.015355703,0.028616147,0.011133018,-0.01241676,0.018515745,0.0046808184,0.01130003,0.011307235,0.00039280733,-0.006139833,0.01348453,-0.03772928,-0.0020368628,0.0055595427,-0.03956448,0.036754787,-0.0105308695
95697,-0.02646823,0.003944418,0.014716811,0.0042540994,-0.016674634,0.0058542863,-0.007866323,-0.0066859066,0.008630778,0.018385833,-0.010158983,-0.00651516,-0.030518658,-0.0126163615,-0.018296937,0.025440099,-0.002740401,-0.017730761,0.0007385835,-0.004000321,0.008495621,-0.039837684,0.018775128,0.032374825,-0.015584459,0.026235022,0.026001183,0.0020231365,0.032019563,-0.020207336
95740,-0.015471873,0.022741875,0.0015537385,-0.025219066,0.0041510486,0.028569618,-0.016428849,0.008169853,0.0029573683,0.0071950057,0.01174236,-0.017647387,-0.0026078525,0.018414075,-0.004681232,-0.017942226,-0.003915843,0.003069057,-0.024896726,-0.0035655405,-0.024518302,-0.021109723,0.005865864,0.019845534,0.012609996,-0.019453682,-0.0344232,-0.013187873,-0.0127474135,-0.008461066
98817,0.004482319,0.02201198,0.01611243,0.025335705,-0.0054176743,-0.017181734,-0.00050497544,-0.0075184307,0.009269783,0.017834181,0.0026504367,0.011153169,0.0053723375,-0.0051130895,-0.013028074,-0.015633265,0.010664538,0.0004912403,0.033008397,0.0041385493,0.0010740905,0.007838645,0.022830404,0.00022385728,-0.0095334025,-0.025199315,0.019024266,0.008951641,0.03839271,0.02715761
98874,-0.0011488287,0.005224526,0.019509591,0.016290879,-0.020889865,-0.009921794,0.0057654367,-0.008306694,0.043660764,0.026158353,0.045888856,0.0026964245,-0.0015352996,0.011437881,0.016245417,-0.0015279601,0.015846247,0.018384494,-0.010088776,-0.0018408368,0.022590673,-0.007791271,0.0015574509,-0.01880704,-0.017899692,0.0065266266,-0.011975975,0.01885528,-0.0041644704,-0.016553342
98875,-0.027464038,-0.020344308,-0.0032909794,-0.015640633,0.011733667,-0.010425071,0.010798474,-0.019521607,0.0036625152,0.029971145,-0.011267777,-0.016669523,-0.013212512,0.007119661,0.02116778,-0.0094233835,0.00237883,-0.0043112305,-0.00012418178,-0.0018177191,-0.004329502,-0.012099501,0.040570173,-0.00022526395,-0.00538633,-0.016024241,0.020340146,-0.013539392,0.03076125,0.007885738
98932,0.0329257,-0.016471216,0.006869187,-0.010729704,0.028286802,0.012288238,-0.0026155517,-0.004822046,0.028324813,0.009755411,0.034275692,-0.015980989,0.027422464,-0.029439548,-0.045836464,0.0037906293,0.03052012,0.009742254,0.007309951,0.009775668,-0.004544058,-0.01147715,0.014888835,0.019188246,0.011898684,0.012822053,0.0011539893,0.0010427261,-0.0062874663,0.00012248335
98933,-0.035089914,0.006945075,0.005693476,-0.005127557,0.01412773,-0.0050791316,0.0016340669,-0.013601191,0.019788118,-0.010238731,0.021320708,0.003984719,-0.0152210565,-0.0014695496,0.00079275697,-0.008933148,-0.0012473786,0.007813547,0.021617109,-0.020935433,0.007479374,-0.015473441,0.03554217,-0.02416136,0.016221164,0.0016716408,-0.011466772,0.010503943,0.021282693,-0.022393996
98988,-0.012159436,-0.008983695,0.016129857,-0.032378856,0.016569186,0.01830331,0.022509038,0.008632385,0.026124028,-0.01632722,-0.00314611,-0.0024944479,-0.0031395636,-0.010425742,-0.026179558,-0.022401853,0.006427595,0.024092413,0.006196495,0.007674566,0.007244947,-0.0059167403,0.005841726,0.04004178,-0.004851295,-0.00039575368,-0.00034562187,0.013728786,0.013325584,0.005795459
99044,-0.0066857785,0.016823499,0.016499123,-0.007907808,-0.015809778,-0.0030943148,0.020445079,0.009533298,0.025204623,0.02318582,-0.010444473,0.0117129935,-0.021942565,0.01504729,0.026946371,0.004334682,0.0068089943,0.03002009,-0.010158929,-0.0019462416,0.009593274,0.013607431,0.027757173,0.012016672,0.00992084,0.033291157,0.017867684,-0.011476659,-0.014901874,-0.0039911033
99100,-0.009978378,-0.01571389,0.0064939577,0.016596325,-0.011562497,-0.026635624,0.015168398,0.004746813,0.030157886,-0.035975304,0.0008735259,-0.004411897,-0.0069031506,0.02148092,-0.003792515,0.018913245,0.0077005536,0.004283408,-0.0013105912,-0.01747647,-0.004393204,0.024500495,-0.027143098,-0.01977899,0.017016217,0.020674966,-0.012099768,-0.008543375,-0.0040306896,-0.019108316
99101,-0.003935145,0.033043552,-0.025552819,-0.012548521,0.00689756,0.012511925,-0.006295632,0.010763933,-0.009198808,-0.0016894164,-0.012093327,0.0027727867,-0.00888685,0.008580445,-0.020147713,0.013427828,0.019461492,-0.0036295608,0.0025005757,-0.009770304,-0.009293463,0.026673391,0.01557031,0.0020008183,0.018536875,-0.008030058,-0.009975921,-0.003924212,0.002848017,-0.0014895244
99153,-0.006155997,0.010499667,-0.0081769815,0.0010420973,-0.03231217,-0.015273665,-0.021895686,0.021520756,0.042274863,-0.020981805,0.008410141,-0.025702419,-0.007890708,-0.009828816,-0.037276335,-0.0042708283,-0.044776876,-0.042633872,-0.0393034,-0.01131909,-0.004739779,0.013619778,-0.016364364,0.011679273,0.024533441,0.017117605,-0.005585383,-0.032491174,-0.00070310757,-0.0033849974
99154,0.015563567,-0.008445923,0.018556653,0.014427751,-0.0051792986,0.0049157017,-0.0180425,0.008719912,0.033744004,-0.016533975,-0.0020472438,-0.0023360013,-0.0042411243,0.0030674965,0.052361354,0.0010516406,0.0080798725,-0.011427477,0.0107492125,0.0047549214,-0.0006890188,0.0098792715,0.0005013806,0.008648676,-0.009069341,0.00059439987,-0.019191558,-0.014038365,0.020872125,-0.00033008642
99155,0.025337955,-0.0065985783,0.009592205,-0.032134343,0.014660455,0.026209155,0.010799039,-0.01421833,0.0150892185,0.011129695,-0.013638769,0.0017299531,0.010174725,-0.011209636,0.015601128,-0.027458942,0.041828066,0.0016079409,0.021436887,-0.00023996101,-0.009298573,0.009753086,0.02891902,0.02535808,0.047247645,0.02262809,0.010615639,-0.011005879,-0.004244296,0.036403578
99201,0.0015331687,0.016931681,0.03595678,0.0011530396,0.015046894,0.01747134,0.018154172,-0.0027969896,0.009648259,0.011850275,0.009627317,-6.6009896e-05,-0.0021872828,0.02256125,-0.0022487955,-0.006385733,0.042961653,-0.004642397,-0.0058824136,0.018637119,0.0025611974,0.008319262,0.020562923,-0.0042361,0.0008122353,0.01920166,0.0034838368,0.009100846,0.01810115,-0.0035112777
99245,-0.015310059,0.020062761,-0.0119615225,0.0043351036,0.006789148,0.021431679,-0.0054628304,-0.0005222249,0.024982318,0.018747274,-0.04959357,0.0063407086,-0.00024486394,0.011550459,0.022236615,-0.012512502,0.021536062,0.01357362,0.0052033174,-0.002147031,0.024673736,0.020946058,0.006321007,-0.004453043,-0.032456808,-0.019444114,0.0019747678,0.005091554,-0.0037935993,0.0042547635
99246,0.014659807,0.00434309,0.008330033,0.0031811001,0.0012173742,0.0020119697,0.013964087,-0.03710373,-0.024492687,0.008612914,0.009496998,-0.004546374,-0.01134972,-0.0066526807,-0.015813401,0.01843508,0.03893881,-0.006740047,-0.008792318,0.008863983,-0.002714052,0.03197367,0.029745111,-0.002302802,0.012656056,0.024681112,0.0008041055,0.018204896,-0.017261537,0.032084752
99288,-0.017836772,0.04132658,-0.02803067,0.033145275,0.012667111,0.030891657,-0.011708899,0.0102646975,0.025073893,0.011417267,0.017344756,0.007899431,0.02239927,0.0015152852,-0.004337576,0.0011919135,0.010701235,0.015928892,0.004863095,-0.0018323705,0.0066879136,0.0073086675,0.020689143,0.020708598,-0.0076300935,0.025974406,0.028752474,0.018119084,-0.0016457186,0.0050809365
99289,-0.006073388,-0.0033022908,0.00041748877,0.031157302,-0.02944201,0.0027281484,-0.018807095,-0.005029652,0.002641015,0.0001075274,-0.017251715,0.008402456,-0.017372267,0.008790911,-0.014582377,0.014265736,-0.021085529,0.025736518,0.03561337,0.027726755,0.0010179485,-0.017389141,0.0054397644,0.010197726,-0.0173199,0.03524293,0.016831087,0.014833775,0.010246166,0.027997049
99331,-0.017801732,-0.009058466,0.011083799,0.039398365,-0.04007003,-0.015362244,-0.014284067,-0.0004945037,0.020221176,0.0054492685,-0.026624957,-0.014098342,-0.003720602,0.014077271,0.04026299,0.029074086,0.016391253,-0.0066391435,-0.026157798,0.01864733,0.00909596,0.0005318032,-0.017951572,0.0128992135,-0.005324872,0.007927394,0.005670117,-0.00241113,-0.0023132258,0.038222592
99374,-0.010562624,-0.012558847,0.013798106,0.019982552,-0.029625924,-0.020534838,0.009633875,0.016536802,0.005726263,-0.0012118248,0.012228989,0.018805724,-0.028499508,-0.011879212,0.0045154933,0.019037852,0.003115372,-0.012978309,0.017617822,0.0033257362,0.007097602,-0.0033031304,0.007698936,0.022401584,-0.022314677,0.036267806,-0.01644218,-0.028066508,0.02680636,-0.003971985
99417,0.00024930295,0.0025756434,0.0076169483,-0.022494039,-0.008335862,-0.007511085,-0.011293757,0.02334346,0.015022646,0.0038949065,0.021460803,0.01556018,-0.04327145,-0.027155628,-0.0033854637,0.034920383,0.024350585,0.0092582,-0.03277893,-0.018064495,0.0056861364,-0.04025199,0.013211238,0.00905645,-0.0077924863,0.0003981342,0.024112225,-0.0013643474,-0.019062575,0.054822043
99460,-0.02522208,0.02002036,-0.0033415593,0.0052968436,0.01242952,0.011261207,-0.005800776,0.017436413,-0.039721157,-0.0025238823,0.010375538,-0.011916283,-0.0027262662,0.028030664,-0.03915492,-0.008312725,-0.023404509,0.028485999,-0.0026553154,0.006852335,-0.0127122775,-0.0442861,-0.020509884,0.011493623,-0.021010937,-0.009271668,0.005732627,0.019037427,0.03613411,0.006533732
102612,-0.022791594,-0.005615883,-0.022298677,-0.0005082286,0.032189824,0.01013568,-0.0066414736,-0.013433449,0.0002176895,0.0046171146,-0.0054744096,0.008930698,-0.003887181,-0.011504761,0.02930271,0.023602359,-0.00069854123,-0.005755468,-0.0031451911,-0.021143429,0.0049702614,0.0075305817,0.008232075,0.0015127724,0.02395749,-0.010070477,0.012746031,-0.0070616812,0.014719788,0.0066201384
102670,0.0060813227,-0.013112098,0.016186876,0.028369367,-0.015503134,0.021638894,0.009090109,-0.01068866,0.0031195998,0.012222757,-0.008013432,-0.0009771254,-0.012172426,-0.016972886,0.0012529762,-0.0022039872,-0.0048440346,-0.021695105,0.0124544175,0.0049690446,0.0012144214,-0.0070289555,0.010223383,0.019475628,0.0069550085,0.0018517837,-0.04269846,-0.0008374794,0.00041197115,-0.013704409
103109,0.021535313,0.0051794755,0.016018517,0.0075670425,0.021253772,-0.0012267381,-0.023236984,0.0062130042,0.0031478563,0.01766224,0.010271121,-0.012286511,0.014148384,-0.033134963,-0.03195307,0.0066972584,-0.0064493176,-0.03169036,0.017555518,-0.009515543,-0.009808513,-0.015083418,-0.0026227075,-0.013680272,-0.013604276,0.0093877725,-0.016681852,0.023543032,0.022411423,0.018523494
103153,-0.033211987,0.028046476,0.023982806,-0.0055199363,-0.032793712,0.009508886,-0.0007411763,0.009390918,-0.010207654,-0.034746427,-0.005848637,0.0028027797,0.022354158,-0.0030976196,-0.018322924,0.03131718,-0.016993726,-0.00042885853,0.011096706,-0.016842835,0.00021531712,0.00021642882,-0.0031734558,-0.008812641,0.010455586,-0.0060748123,-0.0070501138,-0.015289913,0.011677693,-0.031576578
106948,0.0019513983,-0.020742876,-0.031221753,0.03384997,-0.016703842,-0.04471645,0.01324799,-0.00026092088,0.005843639,-0.0014320029,0.0039781895,-0.006411823,-0.022949291,-0.032060158,0.012509756,0.018911751,0.00076258025,-0.018865375,-0.023587465,0.0057479017,0.008157651,-0.023250252,0.0026133333,-0.005607296,-0.033980384,0.0074321725,0.006649822,0.0063493107,0.009934493,-0.0029854765
106949,0.010200999,-0.014912777,-0.00719637,0.0063128886,0.00015180062,-0.019011807,-0.009417575,0.0076527777,-0.026176468,0.036171902,0.0067356545,-0.01818184,-0.024132818,0.0087019475,-0.0030887974,0.023215314,0.028091015,-0.0068360255,-0.011820582,0.011315797,-0.006127193,0.012317288,-0.010486419,-0.018684411,-0.0067447238,-0.0035015754,0.000681499,0.0004781337,0.023306234,0.00921636
