,elephant,bear,horse,fish,bee,cat,kangaroo,dog,rabbit,tiger,alligator,frog,penguin,raccoon,ant,squirrel,donkey,cow,giraffe,zebra,sheep,goat,turtle,deer,camel,leopard,monkey,lion,rhinoceros,bird
32493,-0.019234149,-0.00092388067,-0.010168525,-0.0028042851,0.003405121,-0.005864702,-0.008668448,0.008994799,0.008453698,-0.01379924,-0.0072705303,0.020387607,0.0027829986,-0.009939303,0.007996629,-0.010432742,-0.030927027,0.0042648125,0.0010149122,-0.008822657,-0.04839612,-0.033455703,0.0077860993,-0.011682547,-0.012894936,-0.006653385,-0.0012990286,0.014180593,-0.010184877,0.0035773155
32494,0.0041583865,-0.019814303,-0.03686579,0.0008556948,0.011889811,-0.008763547,0.014558631,0.005705291,0.021248525,-0.0074994974,-0.0014646221,0.014247712,-0.016934918,0.00091047585,-0.010218642,-0.004229434,-0.022107929,0.0074843317,-0.009838403,-0.006725624,-0.006529289,-0.00435349,0.0031078374,0.028199894,0.016794452,-0.010867238,0.008222542,-0.008350115,-0.036685165,-0.0018863349
32495,-0.00344118,0.0017311679,-0.0038688395,-2.107195e-05,0.01685109,0.029213468,-0.0059874705,0.037397753,-0.0035805951,0.029385163,-0.0014645765,0.009238302,0.022232415,-0.010097339,-0.02587712,-0.0064957743,0.012354535,-0.02214505,-0.054571133,0.022341153,0.015406591,-0.013253026,0.031550497,0.017671391,-0.018299423,-0.01691383,0.002938498,0.0064716083,0.0027537886,-0.012336749
32542,0.034529552,0.0021258288,-0.0039724805,0.015691103,-0.014320242,0.01497902,-0.01138186,-0.008053544,0.002040747,0.018715076,0.010554713,0.013907672,-0.02009631,-0.0040054233,0.0006753088,0.014242682,-0.010785048,-0.006988244,0.021023268,0.004919059,-0.009141426,0.00799434,-0.0198389,-0.008269253,-0.010403637,-0.021494089,0.008486143,-0.0063276202,0.0071141045,-0.0062988256
32543,0.01616381,0.011239813,-0.01350328,0.025731025,0.01993522,0.01510115,0.018393872,0.0275732,0.003758773,0.024940522,0.008574788,-0.022633778,0.0027840913,-0.014845591,-0.013810066,0.012478548,-0.002672407,0.013402726,-0.007141541,0.0033531515,-0.03641841,-0.003959932,0.035725966,0.0246856,0.013914914,-0.013347604,-0.009483372,0.0080628125,0.01990966,-0.0012018982
32544,0.009526613,-0.009966534,-0.005959326,0.0023962047,0.0047691246,0.023271272,0.02851029,0.024186196,-0.011953581,0.008857242,-0.013510036,0.0031650004,0.006509684,-0.018682012,0.0138192875,0.009192603,-0.020539217,-0.0025680724,0.01887355,0.0027542636,0.020223295,-0.016276894,-0.007926607,-0.00046087243,0.0045048823,-0.006834056,-6.705014e-05,-0.027748132,-0.016102845,0.0022756131
32590,0.004079466,0.015577256,0.008873157,-0.010131909,-0.01983606,-0.014513798,-0.0039833523,0.033043824,0.018149568,-0.00067844783,0.023048831,-0.016139233,-0.008730323,-0.012408,0.01355843,-0.01357194,0.00068700436,-0.034277868,-0.012451303,-0.009340861,-0.003347326,0.023680685,0.013065542,0.011278338,0.020467564,0.0040101367,0.003387129,-0.0067009963,0.02201105,-0.023635074
32591,0.0011824308,0.0030293,-0.0066118357,0.022322783,0.019547502,0.014558538,-0.002058766,0.002259943,0.019937024,0.022696627,0.029094992,-0.00021116622,0.037987903,0.019946808,0.007783647,-0.0014361452,0.023830093,-0.01740552,0.0007194585,0.019228168,-0.01344296,-0.006144009,0.012198858,0.009989267,-0.008192909,0.02725617,0.011850301,0.010440048,-0.010374744,0.0039317296
32592,0.01972927,-0.0077108047,-0.019375043,0.00976546,-0.0023457098,0.019079767,0.00017541026,0.0004404524,-0.015918847,-0.005727324,-0.03053336,0.03883638,0.007130062,0.016338237,0.009539273,-0.008258103,-0.015122023,0.013946702,0.0013542088,0.003392841,0.048698273,-0.006739496,-0.01168701,0.010786974,-0.025947472,-0.0066749007,0.009256401,-0.017387629,0.010825525,-0.0040003373
32638,-0.014453289,0.015177909,0.015586097,0.021039383,0.0022873282,-0.007669249,0.0041247313,-0.00027347542,-0.0034037873,0.0061394707,0.013247094,-0.009877858,0.016895948,0.018107772,0.0026956147,-0.008244723,0.0007147708,0.024919689,0.009109321,-0.0169917,0.0029315092,-0.0031240974,0.022076339,-0.0045932364,-0.0015299494,0.0018109413,-0.0101686,-0.009115868,-0.032355215,-0.005840359
32639,-0.0055382843,0.017601615,0.01173047,-0.0064745545,0.0058151786,-0.009916802,0.013613862,0.0026595835,0.0075343535,0.001918622,0.035331752,0.017089276,0.000708438,-0.0004579362,-0.014340706,0.00045483405,-0.018131945,-0.010743902,0.010145252,0.032245148,0.01901504,0.021213932,-0.027649825,-0.0079813255,-0.031910468,0.019467512,0.0106424345,0.010251305,-0.008271883,0.016863627
35991,-0.030404821,-0.024793519,-0.0076753125,-0.0117951585,0.024225349,-0.008123502,0.013277449,-0.01869465,-0.0027476207,-0.0028470748,0.005384753,0.018187823,-0.007933413,0.02602216,0.0116999475,-0.007408023,-0.015863718,0.0071616657,-0.013555866,0.010164263,-0.010989803,0.028747046,-0.023459598,0.008808403,0.02926298,-0.0086817825,0.0029996138,-0.03515318,-0.0047970847,0.0070143105
35992,0.009626549,0.014224409,-0.012883272,-0.023447288,-0.013802723,0.010109483,-0.008271367,0.008912385,-0.0004637592,0.008589738,0.0050179516,0.016373752,-0.0031813204,-0.0059247524,-0.0058654007,0.009534465,0.027505258,-0.008116411,-0.014630494,-0.009010018,-0.0024546236,0.017569548,0.008185727,0.020143077,0.00951263,0.0042218654,0.0017404435,-0.03412394,0.012027393,-0.016972987
35993,-0.0045959675,0.026063366,-0.004417483,0.010853275,0.021878695,-0.0107438555,-0.02259355,0.0022860626,0.021577923,-0.025637114,0.01965051,0.021288985,0.005553669,0.023846203,0.0026613951,-0.017579058,0.0032262073,0.0116335405,-0.048934143,-0.012351264,-0.011068568,-0.0018900475,0.004468728,0.0007581084,0.0064016897,-0.034549024,0.00688347,0.012380102,-0.016731005,0.012179499
36040,-0.0012795012,0.039744187,0.01212504,-0.010299883,0.02967012,0.019370163,0.03641097,-0.016858822,0.014643894,-0.0053188116,-0.00873197,0.00017403997,-0.014628336,0.020543668,0.02764839,0.033442605,-0.0047333124,-0.0022514209,-0.000544769,-0.045355722,0.009668196,0.010425332,0.007226,0.0009759558,0.020745007,-0.010088352,-0.0017709652,0.0058659255,-0.0035926942,0.014939492
36041,0.0301752,0.0028116228,-0.008284786,0.014428717,0.015354869,0.015154847,-0.010942447,0.004733466,-0.0031702772,-0.015082781,-0.007636467,0.0035018388,-0.015721897,0.0029181726,0.015139115,0.008753403,-0.03679614,-0.002813331,0.009103277,-0.017047772,-0.0073419823,0.017295197,0.0047895685,0.0072119683,0.025572127,-0.033996582,0.017874317,-0.0043343687,0.0030830062,-0.00020189867
36042,-0.0059803254,-0.00055404037,-0.009840741,0.029589633,-0.02055785,-0.024993943,-0.02227597,0.014770758,0.0034431294,-0.021936916,0.012817782,-0.0058033336,-0.019075839,-0.0071509625,-0.0118153775,-0.013682938,-0.017003333,-0.0074635246,-0.030352773,-0.039505634,-0.016449584,-0.027142046,0.020040514,-0.0031871472,0.03042146,-0.056600634,-0.012293207,-0.028301908,-0.026110006,-0.0018439885
36043,0.00461248,0.0031558163,-0.0066487077,0.0009240743,-0.012897576,0.017025188,0.00815716,0.01643208,0.0013727875,-0.0022513187,0.024284147,0.009118906,0.012637476,0.011914964,0.019764284,-0.0014954368,0.018103449,-0.0023021277,0.00514744,-0.0108186,-0.042801604,0.019887188,0.00973596,-0.03263871,0.026786314,-0.041572344,0.005630035,0.0016558258,-0.03082546,-0.0004266072
36090,-0.008967326,-0.0019601316,-0.008408597,-0.029247284,0.010421206,-0.012526448,0.011711258,0.016234502,0.02185511,0.001779666,0.008966746,-0.029460756,0.0018514808,-0.002706514,-0.011915724,0.003259141,-0.026589146,-0.024942683,-0.004719879,-0.024791056,-0.012671853,-0.0028580287,0.022269748,-0.008280938,0.030787416,-0.03368908,0.014804117,-0.021051303,0.019828008,-0.008158024
36091,-0.041828096,0.008641391,0.017428968,0.031394016,0.004370158,-0.0120747015,0.005688394,0.0142425,0.013355722,-0.015648164,0.0445264,-0.0009293573,-0.006974695,0.008876679,0.016300524,0.013077474,0.0123049775,-0.014187335,-0.04242739,0.011398333,-0.0215071,-0.012396154,0.025052277,-0.013178993,0.03789968,-0.0040496453,0.021576285,0.01094399,-0.03936654,0.00038719643
36092,0.0038526608,-0.011890312,0.001237188,-0.006673137,-0.0052484195,0.015992751,0.0106614595,0.04056399,-0.005094196,-0.0025569107,0.013197218,0.0142499255,0.012740166,0.0084034605,0.008663445,0.011077744,-5.4057222e-05,0.005313799,-0.0359306,-0.012582975,0.015527807,0.00014576626,0.018130831,-0.009804437,0.027786382,0.0048699435,0.016714646,-0.031190345,-0.014416973,-0.01968933
36138,-0.026249647,0.008745312,-0.014187577,-0.0075363833,0.009568134,-0.013901501,-0.037936833,0.020038178,-0.004908912,-0.01529085,0.002330871,-0.022649458,0.018369868,0.002512044,0.0052924636,-0.01696756,-0.024540083,-0.00484955,-0.012471079,-0.01875754,-0.009574405,-0.018244984,-0.00994824,-0.02304463,0.040234044,-0.027566649,0.0012172124,-0.027046835,-0.011878242,-0.0156715
36139,-0.0025209165,0.021591151,0.031459704,3.925292e-05,0.018638024,-0.0043762764,0.01685396,-0.010752496,-0.0024236229,0.0119344,-0.002575591,0.02434565,-0.0049010157,-0.0011080606,0.003813301,0.033867266,-0.0018419396,-0.01374508,0.010785979,0.036414854,0.015921181,0.026107946,-0.01757452,-0.042818125,-0.009826385,0.0017574286,0.005178059,-0.03181827,0.0057341303,-0.003254901
36140,0.016356597,0.014652097,0.0102739325,0.0012619434,0.020037211,0.016157523,-0.0014540763,-0.0060103126,0.0024759027,0.0042387377,-0.016247328,0.035997912,0.0050432254,0.007956221,0.0026380357,0.0071604718,-0.05079314,-0.007538472,-0.005693795,-0.013257773,-0.010949448,0.0034137669,0.005804386,-0.004933328,-0.00032476895,0.008931442,0.009584147,0.0021530883,-0.0006952435,0.01861593
36185,0.010305581,0.028648006,-0.014836977,-0.012809857,0.028849369,-0.014255802,0.013206005,-0.02476342,0.012945381,-0.009610702,0.034622516,-0.0009848009,-0.0061225113,0.01580792,-0.0073331916,0.002639071,0.029587278,0.0029938736,0.020182246,0.0012232177,-0.0032319138,0.01222551,0.017065601,-0.0068431776,0.0005550748,-0.01676399,0.011879259,0.007889819,-0.008878452,0.027127916
39654,-0.011110137,-0.009692399,-0.007153952,0.0019271071,-0.018424455,-0.019029235,-0.014046408,-0.02231639,-0.01281698,-0.022499008,0.018013889,0.00046721907,0.013614467,-0.010535042,0.03205866,0.0063649323,-0.003407766,-0.02088473,-0.006633566,-0.02988611,-0.0179914,0.0055814427,0.0240198,0.01225568,0.05414978,-0.04045318,-0.01208021,-0.004408465,0.011351946,0.010261218
39704,0.0027027943,-3.6162324e-05,-0.017233636,-0.007672595,-0.010492659,-0.016555361,-0.0053205974,-0.0017974308,0.0067829485,-0.021405226,0.009875825,-0.0046522277,-0.02786606,0.0010836473,0.0028297212,0.019729765,-0.009984552,0.008314672,-0.018484244,0.015673855,-0.023269758,0.010029993,0.018848045,0.0021326926,0.024246505,-0.034082916,0.0069101644,0.0024914842,-0.015999813,0.011295247
39705,-0.023401953,0.023799747,0.012848935,-0.013811561,0.010973808,0.02934628,-0.033746127,0.015270665,-0.0061738375,-0.032329008,0.033764888,-0.003050821,-0.046537753,-0.00229354,0.024438987,-0.023292974,-0.0145239225,0.009540503,0.0045349393,-0.027169758,-0.01779074,0.014788314,0.026986944,0.048787538,0.01364239,-0.009678272,0.0043491344,-0.031829715,0.007061484,-0.0017846897
39753,-0.011557444,-0.026625598,-0.0054275803,-0.01339535,0.025755534,0.0033996645,-0.008881445,-0.0021928127,-0.013461533,0.004101209,-0.009886651,0.013860502,0.001980846,0.0004206393,0.0062967553,0.0056717717,0.0114920335,0.009424518,0.0031378048,-0.0021290642,-0.013530784,-0.025227034,-0.016221344,0.009275132,-0.024692511,-0.027216315,0.024887806,-0.015360601,-0.036215406,0.019828921
39754,0.00068994396,-0.007364355,0.017250998,0.0025285922,-0.012994229,0.0048935604,0.00429623,-0.024497444,0.016574556,0.004617643,-0.0022886654,-0.00881552,0.00884358,-0.0028484222,-0.008942839,0.029527957,-0.030869069,-0.004967826,0.01799599,-0.012179076,0.011427206,-0.019027809,0.012525561,-0.008886818,0.042048555,-0.0054237484,0.0051153055,-0.00049365516,0.007549152,-0.012209058
39801,0.005276008,-0.00958527,-0.007899371,-0.025194647,-0.043418452,-0.028141836,-0.028976426,-0.0083795795,-0.030132907,-0.03412462,1.39471185e-05,-0.027950512,0.017804308,-0.014590939,-0.022601789,-0.020318205,-0.023245998,-0.015095927,-0.011666931,-0.0051918398,-0.024891282,-0.019133555,-0.024557518,-0.040368494,0.0017750235,-0.032329295,0.0063302857,-0.033434298,-0.016717928,-0.014403343
39802,-0.0014447719,0.0043014726,0.020353919,0.022710131,0.0082837,-0.019908898,0.030987049,0.00029906895,-0.011276685,0.0014161719,0.016810024,0.036178693,0.012051094,-0.004764401,0.027417714,-0.008001841,0.016926443,-0.0018237475,0.015614237,-0.018315526,0.00027200268,0.028448844,-0.04347472,0.0060377545,0.012898117,0.03807697,0.0059472844,0.01885247,-0.0195929,0.017702295
39848,-2.279055e-05,0.0037485256,-0.021822572,-0.010472023,0.007615348,-0.019553594,-0.012674739,0.0030364573,0.005318479,-0.013058037,0.01827261,0.024395863,-0.004071485,0.020165203,-0.018819438,-0.034721788,0.008330189,-0.0049934215,-0.026013797,0.0007166727,0.01852967,0.0016777143,0.00020688865,0.002107513,0.015535456,0.0023750477,-0.011198781,0.0051790792,-0.005884009,0.007927812
39849,0.0072587454,0.025140489,0.015888928,0.0012727206,-0.0304264,-0.024251154,-0.028702138,0.016817993,0.02423809,-0.02095793,-0.0034141454,0.026493104,0.00072124135,0.029332623,-0.014572781,0.010748736,-0.01647561,0.0049749487,-0.013505545,-0.022621183,0.024679923,-0.009109386,-0.0018301941,-0.011305439,-0.0030794463,-0.0009446647,0.015423634,-0.008772551,-0.010130168,0.007916756
39890,-0.012065847,0.013605061,0.01170393,0.0037228651,0.011281673,-0.008080202,-0.01965057,0.01799612,0.007688088,0.050617933,0.010241392,-0.01106526,0.022960102,0.022121787,0.023332054,-0.0050578127,-0.026154077,0.011478032,0.0052649095,0.035348456,-0.006024063,0.0027504798,0.013161027,0.02001878,0.031084878,-0.00832413,0.025586069,0.015936185,-0.020043276,0.016161183
39891,-0.013997332,-0.0037593686,-0.024359202,-0.051070433,-0.008593316,-0.011777143,-0.011067015,-0.024826748,-0.019031102,-0.027162934,-0.018904809,-0.012037179,-0.030502802,-0.011471748,-0.02564695,-0.02291935,-0.0076623675,-0.025173588,-0.019305408,-0.045789536,-0.009552613,-0.0030429426,0.01570476,-0.02552174,-0.002840069,0.008132809,0.0047488986,0.0103507545,-0.01826653,0.0014724415
39892,0.036692724,0.010661987,-0.016016206,-0.0021865831,0.023633821,-0.018504987,-0.03433641,-0.003872041,-0.0015942842,-0.013885985,0.036200505,0.0075332723,-0.0119872205,-0.026592413,0.05251948,-0.012917447,0.0060370974,-0.0071421056,-0.028427564,-0.01971645,-0.024851887,0.011294678,0.031219514,-0.016127594,0.028181544,-0.041109256,0.0067869364,-0.0112570645,-0.05528064,-0.00044109733
39893,0.025481561,0.033627737,0.011446775,-0.020175438,0.014437336,0.012887591,0.016529199,0.015316029,-0.013779882,-0.005650695,-0.011479397,-0.011766645,-0.0151636535,-0.037518643,-0.020939896,0.016011046,-0.01253737,-0.018056208,0.009173731,-0.031333506,-0.011673875,-0.0047169165,0.004577645,0.03306335,0.007217355,-0.027508715,0.0022224423,-0.0045756656,-0.025177717,-0.008264584
39935,0.022256047,0.0024595,-0.026084842,-0.021460667,0.002630474,0.0008333971,-0.0018162802,-0.031347815,-0.0013159985,0.0069828476,0.015436228,0.0042060246,-0.012917779,-0.012153639,-0.0076276236,-0.027861485,0.016164927,0.0021002898,-0.0430834,-0.013358451,-0.0041357432,-0.025742158,0.021586077,-0.02202166,0.011960544,-0.02386325,0.0112456605,0.032080565,-0.015987322,0.015932214
39937,0.011353585,0.005519921,0.008327671,-0.0033763181,-0.0003573047,0.013975717,-0.022236468,-0.01884042,0.0021824997,-0.03182649,0.0139407255,-0.010578855,-0.027439939,0.018134715,0.0021221119,-0.0063145384,0.020988166,-0.00029998505,0.00904381,-0.0055211023,0.0020035815,-0.0018600137,0.008611209,0.015844591,0.011765943,-0.0010525119,0.023113558,-0.012217435,-0.016128564,0.022920301
39977,-0.0022557296,-0.059739757,-0.0020051713,0.0030052147,0.015855854,-0.0019096001,-0.0059440937,0.019039685,0.009026891,0.007235682,-0.014398071,-0.006833382,0.008022596,-0.022883184,0.007291106,0.0038295623,-0.00957071,-0.014053643,-0.022511713,-0.014977257,0.0044162273,-0.025807297,-0.034252275,-0.015749713,0.0101406565,-0.017054705,-0.004939981,0.0045805643,-0.009174776,0.012040292
39979,0.015685877,-0.014539096,0.023525191,-0.0003351234,-0.008847146,0.0027924068,-1.5391657e-06,-0.031448137,0.008436878,-0.008517521,0.010535549,0.02374887,-0.022757148,-0.008675036,0.030971339,-0.015056994,-0.0080343755,0.0064691775,-0.0054363594,-0.0033888668,0.0018502992,-0.008949691,0.02065476,0.0030693628,-0.0021299303,-0.0076175653,0.031753328,0.0044659837,-0.01957353,0.029077953
40018,0.016915912,-0.02330559,0.022258362,0.023420207,0.005880712,-0.035586417,-0.01828005,0.0003831958,0.00940126,0.007734012,-0.00071736175,0.015007394,-0.03505412,-0.01323953,0.0074880267,0.009470643,-0.018005155,0.012480105,-0.005931586,-0.030178228,-0.0013798514,-0.008914412,0.013682454,-0.0020612262,-0.019807264,-0.011504941,0.02108781,0.007319335,-0.018278733,0.0011319594
40019,-0.0028710167,0.038162872,0.020423466,0.028125888,0.055337142,0.015403534,0.0077806823,0.027747335,-0.0012784838,0.0012341896,-0.009495554,-0.018027572,-0.010741287,0.0056424174,0.03268983,-0.00062149327,-0.009910775,-7.037547e-05,0.00505552,-0.015065319,-0.037010685,-0.0074208467,-0.0016516335,0.012263945,-0.008024596,-0.028229555,0.008469266,0.009187379,-0.018279985,-0.004586227
43420,0.026786692,-0.025976345,-0.013557413,-0.0145921,-0.005232299,-0.0039511495,-0.020108888,0.0015944242,0.00079806225,-0.019076517,0.0069968724,0.0023471955,0.0042740568,-0.006234774,0.013159034,0.030776994,-0.010980734,-0.0029285436,0.009198989,0.017734446,-0.02123048,0.01684972,0.025168806,-0.0067659076,-0.018370539,-0.0003732027,0.019508176,0.014750396,0.014761484,-0.009273228
43421,0.0012518177,0.013487328,-0.0015353356,-0.04523328,0.02178668,0.0014161227,-0.033116918,0.023808291,0.017803043,-0.0012239491,0.017642824,0.009233973,-0.0015813019,0.004376192,0.016028432,-0.015650535,-0.004063238,0.009457596,-0.004865603,-0.015347019,0.028030463,0.036140356,0.005750081,0.02301216,0.03380547,0.0070647486,-0.0028195537,-0.035671398,-0.018388102,-0.012963287
43470,0.016853556,0.00027723363,0.008380693,-0.008029439,-0.0043856543,-0.009226474,-0.015250462,0.0044862865,-0.011690431,-0.00025810674,0.030509382,-0.0019359626,0.0070696124,-0.008407789,0.040323522,0.027441764,0.0006508709,0.0033017814,-0.0019434629,-0.0072683706,-0.029332608,-0.008694232,0.009626866,0.006596492,0.0044384548,-0.017626202,0.011498261,0.008757242,-0.011964885,-0.013666785
43471,0.002007318,0.026707515,0.0068480955,-0.021440262,-0.014128138,0.010699664,0.010110785,0.008649433,0.0021641327,-0.008883546,0.021336652,0.019930754,-0.009629098,-0.00073276134,0.014613009,0.0052844086,0.004308263,-0.021863982,-0.0042109587,-0.028029136,0.007872776,0.0034577313,-0.014278718,0.015206761,0.043618787,-0.009352411,0.013364996,-0.016200537,0.016003333,-0.005411062
43519,0.0099901,0.009384227,-0.010402304,-0.014750429,-0.009756689,-0.019526014,0.00011235274,-0.0042461646,-0.012215818,-0.03043288,0.03711756,0.0005372514,0.002375849,-0.026405742,0.017595366,-0.003014979,-0.026453773,-0.021458529,-0.022093305,-0.04420921,-0.023537979,0.005118841,0.0039154296,-0.008726838,0.031045673,-0.039811138,-0.014416542,-0.0495714,-0.033569142,-0.009507763
43565,0.006329792,0.029333934,-0.010631687,-0.0022133556,0.020090746,-0.014623381,-0.006391766,0.026656667,0.009570835,-0.010374683,0.015421166,-0.0005917472,-0.01672929,0.009411805,0.001418182,-0.011111367,-0.015682118,-0.0112231,-0.019610306,-0.012932155,-0.020154921,0.009604004,0.018564373,-0.02196957,0.042702835,-0.0025580742,0.017838506,0.025957922,-0.016305989,-0.004666351
43566,0.010677323,0.029445082,-0.012650219,-0.0005507527,0.022270614,0.013680156,-0.0054979473,0.017194422,0.018124914,-0.01923099,0.0058860797,-0.001226676,-0.019475216,-0.013473023,-0.009828747,0.00041900328,-0.019546935,-0.0019311248,-0.05043821,-0.01796665,0.028969504,-0.0045064217,-0.0132205235,-0.008913302,0.010241376,0.0013741873,0.021853343,0.005345223,-0.027415397,-0.010096363
43608,-0.019651482,0.014878,-0.0021502348,0.0025144054,-0.013940088,-0.030529132,0.013541694,0.034407146,-0.00283782,-0.015564957,0.002884891,-0.010306981,0.0017153375,-0.029232794,-0.0010547527,-0.00847711,0.027453436,-0.0070055835,-0.009243321,-0.0073011746,-0.0055614575,0.0045444537,0.018020349,0.012888849,-0.007141232,0.043831512,0.0010558435,0.006123785,-0.039897475,-0.00034541325
43610,0.031180933,-0.0044414694,-0.00035317955,0.003760834,0.02158655,-0.015392424,-0.0022388585,0.009304184,0.011438145,-0.009825463,0.033624288,0.02018113,-0.013499294,-0.006569857,0.03863846,-0.020972868,-0.02432735,-0.0018905393,-0.026071666,-0.0017196232,-0.009316644,-0.0013471126,0.029511606,-0.014866695,0.0029808294,-0.015039906,0.0113532245,-0.006218102,-0.019652456,-0.0129628815
43611,-0.01854276,0.036851753,0.007859615,-0.011142095,0.023066593,-0.0043949685,-0.012999866,0.018309806,0.006775535,-0.017231857,0.0356037,0.009116095,-0.012761153,-0.021176994,0.0019205281,0.008079603,0.0047595776,-0.0051951893,-0.02801835,0.0028394635,0.008265925,0.027128262,0.011353451,-0.012907188,0.028034205,-0.014836311,0.009685629,0.011723973,-0.01193848,0.0034336385
43612,0.009615668,0.023695149,0.009600986,-0.024014262,-0.0115554705,0.015793758,-0.024875142,-0.0019671598,-0.01960062,0.020579709,-0.009458965,0.011658952,-0.038904656,0.0013032513,-0.0197103,0.0002528516,-0.007968805,-0.0026311548,-0.023806116,-0.0066291247,-0.01519037,-0.005751714,-0.029040297,0.013119377,-0.0063891523,-0.009609294,0.0071265125,0.003646668,0.0075512645,0.025843376
43652,0.013946031,0.013125117,-0.004182868,-0.0139105925,0.012038459,-0.01219821,-0.0077732108,0.0018210873,-0.009565867,-0.007134115,0.013449653,-0.011785685,-0.018330814,-0.009425148,0.011557444,-0.03518373,-0.0020782046,0.0177438,-0.017863235,0.0010885205,0.01701582,-0.0013100741,0.013094979,-0.011964419,0.020249,0.026039988,-0.004232789,0.026892139,-0.007135263,0.009377084
43653,0.0044038417,-0.00786863,-0.007225133,0.017951746,0.015751002,-0.02471061,-0.011415823,-0.015436969,-0.010624059,0.010882051,0.002148891,0.006213048,-0.027181285,-0.019094078,0.011409721,-0.0065741776,-0.013008345,0.0023595698,-0.00035793646,-0.007924584,-0.017319039,0.003199573,-0.007854245,-0.008251901,-0.016842755,-0.015916914,0.0016532838,-0.0018923258,-0.03765526,-0.01593692
43654,0.019077398,-0.015259062,-0.0048157307,0.027211452,0.032264873,-0.039579555,0.008788457,0.021765439,0.005511697,0.00826002,0.028187012,0.027538443,-0.012584965,-0.007196563,0.029298002,-0.004246049,-0.017096091,0.0061246753,-0.03066723,-0.021637201,-0.03838932,-0.0018456783,0.006430347,-0.010751872,0.0028416635,-0.033251334,0.020148484,0.02265315,-0.012911875,0.00036211623
43655,-2.9940158e-05,-0.0041602994,0.006624956,-0.012908454,0.026161835,-0.009189736,-0.0020061021,-0.008575929,-0.008225587,-0.0023368017,0.020069668,0.00071881484,-0.024761343,-0.0019141043,-0.0038238084,-0.006066637,-0.0057543404,-0.0029779684,0.0032734703,0.0047197905,0.019199677,-0.008829779,-0.0017315327,0.017042004,0.007866272,-0.0007553293,0.012020192,-0.009347937,-0.0407742,0.016001008
43697,0.015592788,0.0077470005,-0.0017056897,0.042035624,0.025906948,-0.029906688,0.03804415,0.015769476,-0.003006463,0.0045885732,0.032193583,0.022121867,-0.0072198776,0.008765794,0.0230679,0.014400095,0.0049788146,0.028939418,-0.020775681,-0.020860367,-0.033571724,-0.015157179,-0.017513735,0.01736376,-0.0025898374,-0.02196912,0.023823597,0.02381662,-0.01920952,-0.007954963
43698,0.026720176,0.017067056,0.0071437866,0.020459173,0.0027368313,0.007388283,-0.029110232,-0.0035771884,0.0058502904,0.02007427,0.029829735,0.005978106,-0.026754582,-0.011493183,-0.022496628,-0.0054070074,-0.0038471736,-0.01798014,0.002060794,-0.011016159,0.047043856,0.0035271577,0.012353163,0.006209459,-0.011670825,-0.01781704,0.008099581,-0.0074375756,0.018313292,0.020458682
43736,0.015174467,-0.019421294,0.0374259,0.016642239,0.0039421334,0.004275327,0.0017211827,-0.002225029,0.00075872807,0.0106507065,-0.007907792,-0.007433959,-0.015375487,-0.010336348,-0.01632664,-0.0040011597,-0.016809922,0.013271815,-0.01518835,-7.330999e-05,-0.004746691,-0.007047545,0.005636086,0.035581503,-0.008733156,-0.017896648,-0.009999454,-0.015395761,0.017740868,0.0030400418
43737,0.051657602,-0.003809375,-0.0052158744,0.02000618,-0.026901819,0.007925682,-0.024069438,0.028089143,-0.026655503,0.0022083085,0.013508157,-0.0047023757,-0.026070254,0.024217049,0.030880703,0.041162323,0.006875824,0.009408059,-0.0060540773,0.004016346,-0.0076722577,0.004812269,-0.01884293,-0.0036733851,0.024644667,-0.008368338,0.0026406434,-0.035507742,0.02833361,0.03516865
47319,0.021098038,-0.0016266495,-0.0033284787,0.019954937,-0.02816655,-0.029388094,-0.006529126,0.0026223373,-0.0038830799,-0.01929292,0.023684593,-0.024510039,-0.020445654,0.0125036845,0.022657989,-0.022066904,-0.032970507,-0.013538823,-0.0007538718,-0.033590186,-0.0141710555,-0.010714834,-0.029114313,0.0131396875,0.04140714,-0.036221337,-0.008035019,-0.038715377,-0.023456573,-0.020142581
47320,0.018146837,0.036481075,0.0107647,-0.016395474,-0.040811624,0.009562267,-0.019776074,0.00369901,0.013376557,-0.0060758092,0.014840238,-0.022027148,-0.026032344,0.0132672265,-0.028032629,0.0044272314,0.013191002,-0.0012169589,-0.027755782,-0.018194206,0.037081327,0.002869022,0.0029292295,-0.0005380173,0.008289954,-0.0007813585,0.026412293,-0.011238843,-0.02819085,0.0042753555
47367,0.003162448,-0.0073861754,-0.017976431,0.012507011,0.053898726,-0.0023308154,-0.020254238,0.009065952,-0.0058614505,-0.009639118,0.00271926,-0.018969174,0.013473903,-0.00032630065,0.020297214,0.030514928,-0.0015337183,-0.0077560716,0.005449567,0.015457892,0.0026096168,-0.03292406,0.0025820658,0.0027205658,0.028068833,0.003597241,0.024939576,-0.014449942,0.0062236767,0.0033675134
47368,-0.025418742,0.022133933,0.0050648064,0.0046337885,-0.023001244,0.012622785,-0.011624563,-0.010128,0.010834201,0.0011908418,-0.0065192687,-0.038551483,0.0130659705,0.023084357,0.025006883,0.013886709,-0.011326562,0.014873102,-0.046555173,0.010296131,0.011344026,-0.035132293,-0.00088470336,-0.024477594,0.01751904,0.022492921,-0.007577628,0.011180662,-0.03556839,0.00712412
47412,-0.01355901,0.02158841,-0.001874335,-0.0150092915,0.009198917,-0.011735327,-0.007335096,-0.013842329,-0.0004776114,-0.021875447,0.018192356,0.0069998913,0.0109881265,0.0034677882,-0.006111629,-0.007943069,-0.008596672,0.015597348,-0.03618336,0.0075734183,-0.00081403117,-0.0066413707,0.0019013543,0.0020826708,0.01328798,-0.0038787692,-0.0032843575,0.0039991303,0.0142907435,0.0012544103
47413,0.010976615,0.023041045,0.005089436,-0.0124315275,0.0014167078,0.016142251,0.006288009,0.022908708,-0.017770618,0.0010288815,-0.017294737,-0.026533598,0.030874984,0.004568687,0.0003740817,0.023148408,-0.015514947,0.019907666,0.015000053,0.0070550237,-0.01317266,0.010775543,-0.023139542,0.0047708745,0.0086769285,0.0041784416,-0.010908793,-0.0052283406,-0.011033873,-0.019177573
47456,0.030793177,-0.009353443,-0.00061483367,0.035274122,0.019112026,-0.022062277,0.017758764,-0.00023131569,-0.0036687285,0.000110997855,0.032677457,0.04203927,-0.006162364,-0.007482808,0.0059946845,-0.014628167,-0.015440158,0.019343292,-0.019131402,-0.023625443,-0.041170526,-0.003513357,0.029431492,-0.0019710585,0.014117025,-0.012139559,0.018092608,0.008682847,-0.027845316,-0.016990889
47457,-0.008445194,0.003286576,-0.012006372,0.013446525,-0.016470252,-0.029083736,-0.021503873,-0.02129873,-9.805305e-05,-0.017650595,0.03699394,-0.024112048,-0.010041955,-0.016120236,0.016061917,-0.023262879,-0.023891732,-0.0015414242,-0.03424446,-0.012038096,-0.022889437,-0.010212031,0.008576258,-0.004999491,0.0047630556,-0.025015762,0.013957117,-0.011393391,-0.035881676,-2.9751875e-06
47458,-0.021160588,0.0012445245,-0.0026691898,-0.026587658,-0.002564798,0.012827183,0.019231623,0.00014659266,-0.006383164,-0.004588405,-0.016456028,-0.018720167,0.006022936,0.014963895,0.005013851,-0.00734772,0.01149183,0.009448778,-0.047308832,-0.0026074508,-0.011944761,-0.007136877,-0.05000474,0.030091045,-0.009054773,0.044569034,-0.0011758967,-0.004552347,0.009590195,-0.013805747
47497,0.043130916,0.00013230927,-0.02492418,0.012955102,0.005183387,0.014538798,0.022333413,-0.03822696,-0.001080644,-0.04686296,0.008148364,-0.0071423724,0.005316861,-0.03040134,0.028752761,-0.005286053,0.028068027,0.0006969273,0.01753662,0.0034200437,-0.009457342,-0.0040583513,0.011480629,0.0012248115,-0.004891082,-0.006823573,-0.014100134,0.021725914,-0.022724831,0.005681737
47498,0.012874752,0.012400811,0.0037135247,0.029380767,0.01883257,-0.008112945,0.020942857,0.011769685,0.0044973567,-0.0049703186,0.027851636,0.030254567,-0.0005458221,-0.01246086,-0.0095107965,-0.019248104,-0.0041046184,0.009028788,-0.04067332,-0.019964702,-0.006700409,0.0030267015,0.031041063,-0.014436924,0.008317309,0.00026038304,0.0076086796,0.017583828,-0.0034345828,-0.009129079
47499,0.0008410464,0.015909785,-0.015623789,0.022265868,-0.023094138,-0.009208288,-0.0022416376,-0.026853321,0.018149063,-0.04838492,0.022885026,0.0065895407,-0.025978364,0.0021477055,0.024031812,-0.008393674,-0.005618245,0.011200248,-0.025895746,0.015801895,-0.041589115,0.0078273425,0.015675027,-0.012347695,0.008794505,-0.034535494,0.009850984,0.011897965,-0.006120945,-0.007798309
47538,-0.0040867734,-0.010251693,0.018607214,0.025821043,0.019009082,0.020046746,0.0055641322,0.033657964,0.018505612,0.0039155805,-0.014033229,0.016217249,-0.007645294,0.031892978,-0.00028850013,-0.0031894613,-0.017788436,-0.009165381,-0.023465095,-0.004818227,0.0012344582,-0.002608425,0.001194104,0.004986985,-0.020638464,0.007363848,0.0011436333,0.0041233064,0.022155909,0.0018918043
47539,0.00221541,0.0060863323,-0.008835803,-0.00024696873,-0.008478197,0.014089721,0.0033393493,0.0037208155,-0.010776165,0.012406317,0.002541702,0.015261694,-0.028090112,0.011013023,0.02731362,0.0031318741,-0.007971493,0.0044681006,-0.019068716,0.008883408,-0.004804478,0.016435353,-0.0019014366,-0.016974693,0.0030389403,-0.029610118,-0.0007749491,0.030276105,0.030741563,0.017270604
51183,-0.004497573,0.0062015946,0.006046532,0.03389922,0.0074583055,-0.028491093,-0.015472479,-0.009407948,-0.0038516002,-0.0246907,0.019282548,0.009600739,-0.024907991,-0.0028057743,0.0046811313,0.03341653,0.013950087,-0.006443842,-0.02889098,0.043081295,-0.0033096445,0.01513129,0.00869131,0.032098647,0.015425255,0.007416852,-0.0009724454,-0.00027060663,0.02556654,-0.009526853
51184,-0.044309665,0.020327382,0.0012813596,-0.033884604,-0.01844784,-0.05458552,-0.0027959608,-0.007972538,0.01375327,-0.011741421,-0.00082455645,0.003011805,0.009877727,0.033284366,-0.004127893,-0.006572747,-0.0014719634,-0.011505582,-0.018481005,0.02210625,0.0025841584,0.032827266,0.007483451,0.01098416,0.003920144,-0.0039088526,0.0018088951,-0.0031559023,-0.031433914,0.0106340265
51231,-0.0045309453,0.019423049,-0.01203573,-0.007760367,0.048949823,-0.037255142,-0.011734632,0.005203201,0.019765282,-0.009427817,0.019907333,-0.003299307,0.027023489,-0.044494007,-0.0012074976,0.022251159,0.007120294,-0.012854043,-0.012391058,0.016270867,0.020933023,0.015531872,0.0010799622,0.011552874,0.0053246245,0.036109477,-0.020695055,-0.014841351,0.025170304,0.01201417
51232,0.01825995,0.0095707085,0.0064742477,0.0033276398,0.0021558674,0.0007423591,-0.02581369,-0.013706665,0.007696018,0.001446874,-0.0063269357,0.030162955,-0.021534255,-0.0025972156,0.0012412859,0.021475196,-0.022088513,-0.012261593,0.019159585,0.050811883,-0.0005865333,-0.00430936,0.0028378454,-0.007892776,0.0011960757,-0.007143713,-0.0076368977,-0.0044154376,-0.023493988,0.011020298
51276,-0.021283248,0.0036056247,-0.010301891,0.012680349,0.008039667,-0.019498944,0.004882827,0.0011391198,0.0082191555,-0.013634652,0.004818602,0.019471651,0.035779838,0.0001315282,-0.013365079,-0.022285292,0.015080686,0.0017106828,-0.009647783,-0.0105291745,0.019288987,0.0069104843,0.0019227485,0.02353234,0.002830547,-0.009631967,0.010017574,0.0051271426,0.031028071,-0.0023189848
51277,0.027726734,-0.024145827,0.011894394,0.0074687637,0.0023943633,0.0029991523,0.0070657604,-0.0032625657,0.010228644,-0.004242785,0.015365164,0.01904565,0.0059607495,-0.029022783,0.00905082,-0.013377097,-4.4889748e-05,-0.0127232475,-0.0062051527,-0.016842227,-0.015353256,0.025369266,-0.02720319,-0.0037782565,-0.0035269472,0.013450127,0.0016896306,0.024365736,-0.04514228,-0.014143906
51319,0.024088496,0.014876594,0.0068614534,0.00914206,-0.007046908,-0.03572858,0.015372362,-0.0020227775,0.021033525,-0.016805466,0.02977313,-0.00116714,-0.010953128,-0.0053215637,0.0011469014,-0.018397622,-0.003852307,-0.003170846,-0.016220495,-0.006797205,-0.014574879,-0.019623837,0.023710204,0.012166609,0.0024046197,-0.0032699353,0.010010557,0.019519128,-0.009209418,-0.0018620932
51320,0.022810081,0.004127073,0.00391311,0.005088614,-0.010099252,0.016118621,-0.027273877,-0.00710402,-0.011935669,0.003995254,-0.004687716,-0.0076017566,-0.0062641553,-0.006564479,-0.008744987,-0.006639658,-0.041055508,-0.017075865,-0.0033027325,-0.004603189,-0.015419893,-0.046630487,-0.027847493,0.00083475374,-0.024601312,-0.00414006,-0.008143763,0.024634682,-0.0106174685,-0.028350284
51360,-0.00035412857,-0.008529974,0.001422038,0.020395145,0.024662862,0.042740416,-0.0065483483,-0.010649905,0.014672411,0.013586595,0.009873598,0.030777745,-0.010659132,-0.0066393116,-0.0062356666,-0.024989158,0.0052019446,-0.0013353078,0.0014730338,-0.0122445775,-0.008406072,-0.010128585,0.039769005,-0.015371586,0.015224006,0.011070215,0.00693305,0.02020169,0.028416922,-0.028608516
51361,-0.0054468275,0.018979562,0.0030551103,0.020440958,-0.022242801,-0.017926453,-0.007194185,0.021549148,0.004633472,-0.024748027,0.019640518,0.0046819435,-0.012815669,-0.0075089745,-0.007673066,-0.0048672776,-0.011080387,-0.006982813,-0.034180023,0.016474495,0.003875979,-0.005591432,0.0050442475,-0.020209502,-0.040497776,-0.015694363,0.011102404,0.006397133,0.018339708,-0.016862482
51401,0.0012885885,-0.019933494,-0.007018844,-0.0118685635,-0.0058173775,0.030228065,-0.02141582,-0.013908644,0.0026348091,0.010509968,-0.012578317,0.008731776,-0.0069170226,0.036367983,-0.02363635,0.027805315,-0.02539734,0.009436862,-0.019322602,0.014167532,0.014163796,0.012504662,-0.0064039542,-0.030155009,0.002921546,-0.014937325,0.006969658,0.03895745,0.048361853,-0.0041445936
55193,-0.024476146,-0.0037945695,-0.008782507,-0.006417806,0.011266656,0.008142268,-0.009536878,-0.0058963853,0.025537252,-0.014672828,-0.008155506,0.012398653,0.019016782,-0.028586827,-0.035824236,0.006236691,-0.013945901,-0.0101720225,-0.025970733,-0.003682731,0.00052407506,-0.0014546731,0.024725711,0.010352823,-0.012451504,-0.020027878,0.004095737,0.020885669,-0.0073415325,-0.007859695
55237,-0.00013046153,0.013705883,0.010004155,0.011392239,-0.012052127,-0.013584604,-0.002772303,0.027534997,-0.00034159215,0.011129213,-0.000272991,0.01413226,-0.01219568,0.0015089586,0.018657519,0.016901588,-0.037512437,-0.010644498,-0.014607795,-0.017992405,0.011293482,-0.00276424,-0.013987567,0.0041129286,0.0011887242,0.021005565,0.008457423,0.020933622,-0.008952844,0.032232303
162699,-0.023491452,0.013715014,0.0045313183,0.017528336,-0.0023169275,0.024036244,0.033971254,-0.003552475,-0.0008688344,0.0158817,-0.0034202014,0.031503484,0.0017642992,0.012908968,0.023536464,0.01490957,0.012422644,-0.006829146,0.020642158,0.0005683812,0.00403202,-0.0023728546,0.035617564,-0.004275655,0.024345115,0.019619083,0.013330463,-0.01212993,0.01995519,0.00831034
162748,-0.00215315,0.008033704,-0.017775215,-0.0020941354,-0.001762609,0.015928669,0.020638002,0.017210884,0.030586595,0.0015400447,-0.0044974354,-0.017412616,0.02309981,-0.0175173,0.026993923,-0.035115425,-0.0028285664,0.0024899803,-0.025361357,0.023849076,-0.012399991,0.026610916,0.031040719,0.005781921,-0.007746678,-0.011889346,0.023564996,0.011811118,-0.007307666,0.015303072
162749,-0.008899953,0.021124246,-0.0105122505,0.0076503935,0.032028627,-0.018338632,-0.008954788,-0.020671036,0.0045481888,-0.042100087,0.003966329,-0.0038874277,-0.0106838895,-0.025749957,0.01197518,-0.024667082,0.0035167132,-0.0028599862,-0.0027684711,0.0056954236,-0.004156829,0.013277724,0.0011690757,-0.0014393516,0.00815124,-0.0059399777,0.025880145,0.013165087,0.007737055,0.0033421852
162797,0.018187257,-0.0056442586,-0.02190499,0.0068660476,-0.005448405,-0.029497677,-0.0030302145,0.009652062,0.026746692,-0.014011022,-0.020641586,0.0017067153,-0.014750657,-0.01100223,0.022346688,-0.019738587,-0.015710652,0.022366866,-0.01242742,-0.019915093,-0.005972959,-0.007503564,0.022374088,-0.004630249,-0.007417207,-0.00508341,0.019354159,0.009564339,-0.008899178,-0.0054334686
162798,0.004939347,0.006702306,0.008659559,0.0021315992,-0.004138945,-0.035068855,-0.0022723097,0.019896546,0.024331605,0.0066620237,-0.004489125,-0.00030282824,-0.010342935,0.012110702,0.036698136,0.011347555,-0.024595289,0.010985841,-0.03404929,-0.011914258,-0.0055597783,0.017972382,-0.014621907,-0.021403274,0.011760061,-0.017740117,0.016347287,0.021778764,0.00045667062,-0.026574299
162844,0.00032093935,0.0051532243,0.005084894,0.01844277,0.020313615,-0.024800455,0.0369944,0.0080649005,0.0232155,-0.006058026,-0.00027062837,0.011730641,-0.025850525,-0.0065463935,0.016421353,-0.0020727701,-0.02744332,-0.0011367184,-0.020355357,-0.012530821,-0.025615936,0.023504391,0.005069775,0.0040452993,-0.02102553,0.0036561552,0.028479489,0.010946024,-0.000102384634,-0.0055734776
162845,0.00960746,-0.015418828,0.0053470954,0.006070761,0.012135581,-0.028783986,0.00019971964,-0.007250972,-0.0006597157,-0.02454014,0.00981104,0.023102501,-0.020772861,-0.024767697,0.0081506185,0.008513068,-0.022260696,-0.0021172047,-0.016508104,-0.027375242,-0.011550465,0.025090834,0.026398035,0.0044650896,0.03685275,0.00030660038,0.029269591,0.0035933515,0.003923084,-0.0027891956
162890,0.021581545,-0.017229415,0.0338396,0.007951319,-0.01492542,-0.009980959,0.017252114,-0.005360216,0.008666375,0.011169396,0.012516606,0.016900526,-0.038302835,-0.043397885,0.008936001,0.018703626,-0.04672794,-0.01772155,-0.028086511,-0.016220113,-0.01831616,-0.014824231,0.00776756,0.0057457346,0.03552625,-0.0237028,-0.011708436,0.006033646,-0.01503728,-0.006128088
162891,-0.024605839,-0.003723794,-0.0071072862,0.029651454,-0.004726581,0.016477652,0.009161107,0.010512798,-0.014976728,-0.01505429,-0.019539282,-0.008416903,-0.011396649,-0.011489346,0.022286607,-0.014958266,-0.03405579,-0.0016276059,0.041555,-0.022121044,0.038918357,0.007954748,0.031183174,0.008586346,0.008438464,-0.0036542842,-0.0061795455,-0.033193655,-0.014144613,-0.0041217892
166516,0.008282558,-0.0018251017,0.0034482572,0.028300071,-0.0002876421,0.01633844,0.03401236,0.015252988,0.03227743,-0.0018983806,0.017459953,0.0034855239,0.0058116955,0.023711799,0.036326915,-0.009878256,-0.005109932,0.022443822,0.0033752716,0.012596868,-0.0011027269,0.0063572046,0.052334785,0.01513487,0.022633208,-0.0027084623,0.03266829,0.019946082,0.036948115,0.011752701
166518,-0.009877347,-0.037766628,-0.017056635,-0.026509212,0.0031077622,-0.018379973,-0.0014115559,0.010609117,-0.005096716,-0.020141635,0.0022530796,-0.008042757,-0.023717485,-0.00027600178,-0.0045530605,-0.008178208,-0.00079265964,-0.021830598,-0.018141901,0.04373139,0.0025468934,0.0249457,-0.00075593096,-0.017283708,0.006926621,-0.0022565827,-0.0050153937,-0.008943774,0.011007252,-0.0047513484
166565,0.0031572494,-0.009669577,-0.005063548,-0.020810736,0.013967305,-0.029410245,-0.0030516016,-0.035011943,-0.026983218,-0.0053087748,0.012916346,0.024833761,-0.01754856,-0.03603233,0.012464586,-0.024565583,-0.029215662,-0.02196533,-0.027043095,-0.05182482,-0.024336642,-0.025169468,0.03515811,0.026250722,0.0033821885,-0.0049594436,0.018521184,-0.00615478,-0.04646665,-0.011338018
166566,0.0032653569,0.015137322,-0.0072860657,-0.019841952,0.019277547,-0.0076745204,0.029293427,-0.0045434013,-0.008716762,-0.015941003,0.012454863,-0.0054971576,-0.016076393,-0.01966094,0.005879196,0.00024590114,-0.014100205,0.0045482656,-0.033230606,-0.023232475,-0.010809757,-0.0007872116,0.052052483,0.014091976,0.024217052,-0.028419152,0.005584266,0.020894483,0.0146343345,0.0017798813
166567,-0.031227484,-0.0132648125,-0.0025243196,-0.022564644,0.016990198,-0.027950138,0.005533907,0.02637986,0.006547432,-0.0224936,0.020578345,-0.005565282,-0.022962859,-0.0046870857,-0.009435453,-0.009197804,-0.004340434,-0.006982051,-0.012517143,0.018072896,-0.012658897,-0.006355891,-0.0053861937,-0.006697774,0.0021912896,-0.009852857,-0.012838602,0.0071665086,0.010123094,-0.0024719227
166613,0.001880227,0.015243248,0.0040289327,-0.005514422,0.006709563,-0.017551793,0.010434848,0.0012514921,-0.012755483,-0.013409511,-0.0045726206,0.023776764,0.001898673,-0.010864581,-0.003904541,-0.010682943,-0.019585583,0.0073430673,-0.017817259,-0.050700303,-0.041768912,-0.027086258,0.028878132,0.0001859932,-0.007930094,-0.0063227327,0.0047138985,-0.018461855,-0.007341334,-0.0073114657
166614,0.021547867,0.02043417,0.0014694125,0.008494828,-0.023995882,-0.039560627,0.016985675,-0.008063087,0.0014120964,-0.0125963455,0.016458776,0.03785671,-0.024737226,0.0011174381,-0.0029920638,-0.0077148583,-0.016494224,0.0048894053,-0.032501835,-0.021631872,-0.026655814,-0.005444108,0.007452616,-0.014342506,-0.0009781761,-0.046467025,-0.006758207,0.0018917663,-0.030950591,-0.031459883
166660,0.0037499822,-0.0036203887,0.0056681093,-0.016168632,-0.015886672,-0.026118368,0.0010504419,-0.022820635,-0.02078976,-0.021401562,-0.006526898,0.015031663,-0.030932754,-0.03416981,-0.0065684705,-0.005979176,-0.029389938,-0.015903424,-0.004997377,-0.038610037,-0.03576164,0.0016449159,0.019723566,-0.0071758367,-0.0073427386,-0.020888403,-0.0150418505,-0.005503943,-0.009470834,-0.026500039
166661,0.025619201,-0.013623558,0.0011931034,-0.021485224,-0.018180301,-0.022668155,-0.014900814,-0.00091324904,-0.0069980393,-0.010017297,0.00711756,0.01364709,-0.02143847,0.008533591,0.003135144,-0.012488772,-0.015517467,-0.008806182,-0.031270433,-0.027013188,-0.020479647,0.01052202,0.0069676493,-0.028854726,0.010670724,-0.018685618,-0.009853247,-0.0054718577,-0.03705628,-0.006390799
166706,-0.009066403,-0.005680864,-0.010448185,-0.030376429,-0.020642089,-0.026659416,0.0010731904,-0.008456693,-0.0019829248,-0.014517478,0.017902428,0.016764702,-0.041136246,-0.03749876,-0.017050412,0.008963496,-0.054806504,-0.018664842,-0.031611074,-0.031856988,-0.03293516,-0.009942881,-0.022483403,-0.023944812,0.0016115004,-0.023077674,-0.0053941873,-0.014229066,-0.0006522108,-0.016026797
166707,-0.023557993,-0.02366203,-0.020969445,0.0011193017,-0.009396359,-0.028926387,-0.023629868,0.010667723,0.0042478386,0.014571786,-0.011793118,0.0016299073,-0.01422286,-0.020134429,0.034670617,0.021798588,-0.023336813,0.010420464,-0.0033079349,-0.029151797,-0.021643607,0.006036934,0.012885037,0.004382933,0.007619908,-0.0208714,0.0027339545,-0.0046310457,-0.0058107204,0.004032767
170214,-0.011904054,-0.038808703,-0.0053363,-0.016333014,0.011787266,-0.005552178,-0.0046469886,0.013247296,-0.0018362947,-0.00027860142,0.012513771,-0.04007337,-0.0074617215,-0.01447877,0.010699908,-0.028075011,-0.015144904,-0.01677675,-0.007213944,-0.019044517,-0.027112288,0.0149619095,-0.0050932015,0.0036099225,0.01666861,-0.025502242,0.01412759,-0.009880296,-0.0046649077,-0.0084664775
170215,0.0014055123,-0.039070353,0.0071149133,-0.045075495,-0.011614114,0.008415638,0.0072284765,0.016674802,-0.012673064,-0.0073669297,-0.009623551,-0.023042008,0.010534431,0.01449762,0.030449355,0.008956271,-0.004053285,-0.017158866,0.007037608,-0.005176186,-0.0073220767,-0.0014495527,0.01785365,0.019599237,-0.0064135916,-0.013781224,0.0040457766,-0.016429238,0.03560709,0.019501517
170264,0.02107738,-0.012841657,0.00025109728,0.0052561257,-0.009790537,-0.025774939,-0.01983636,0.0050411928,-0.0047630435,-0.04269126,0.0076347874,0.012869821,-0.013486043,-0.01566992,0.020923698,-0.024189934,-0.016165534,-0.015475079,-0.02376881,-0.02935621,-0.041552577,-0.0052018384,0.0100881895,-0.01825412,0.022310482,-0.0688077,8.5244734e-05,-0.024610484,-0.017942293,-0.03618427
170265,0.021063956,-0.012839469,0.02667637,0.0012864546,-0.00896627,0.016765768,0.008186334,0.030898983,0.0104254065,0.0030328678,0.029104792,0.0034669696,-0.011754622,0.02278974,0.016780138,0.006567428,0.0029206139,-0.0133742215,-0.013778958,-0.033368655,0.016306402,0.0144784525,0.020732151,-0.0066575557,0.014095626,-0.016323017,0.008783863,0.00072356313,-0.0020770654,-0.008974303
170311,0.008445925,-0.017369747,-0.025626814,-0.0346861,0.012137589,-0.015752658,0.0077121183,-0.013508565,-0.0045364345,-0.02498149,0.005449645,0.013701245,-0.0015296336,-0.020988276,-0.011624056,-0.0014406269,-0.022390679,-0.02300706,-0.032276332,-0.040654253,-0.020216204,-0.016076708,0.00035806978,0.0062872395,0.018009327,-0.008367698,-0.017986462,-0.010761723,-0.043186817,-0.032818154
170312,0.004474304,0.005481076,-0.013474621,-0.0037229874,-0.009742331,-0.028303817,-0.00021281869,-0.010731273,-0.019236496,-0.047451813,-0.00090826023,0.008984229,-0.026813807,-0.01442404,-0.0012420062,-0.01932167,-0.046635687,-0.018283611,-0.046101917,-0.039598223,-0.033805106,-0.0100171575,0.006614718,-0.008163121,0.011001926,-0.07104241,-0.013464995,-0.024638504,-0.04048321,-0.03595838
170313,0.010373277,-0.01568134,0.0029201452,-0.021400018,-0.026991257,0.0023067428,0.018895963,0.00093295705,0.0052680024,-0.009783357,0.017666934,0.0022296577,-0.0050667548,0.0028681234,0.0023735063,-0.024403997,-0.030596973,-0.007562133,-0.0036161225,-0.021550393,0.009136208,-0.0028578043,-0.002926994,0.005853087,0.010741298,-0.043492097,-0.010797738,-0.024506597,0.034492113,-0.01262218
170359,0.026568316,-0.020070428,-0.002611698,-0.009686109,-0.029568307,0.008735714,0.013795543,0.011901493,-0.037248556,-0.028565744,-0.013373546,-0.0043815584,-0.006213061,-0.018949496,-0.030266412,0.03262521,-0.032089338,-0.019611271,-0.036664475,-0.049671363,-0.03664278,-0.01799409,0.0035311216,-0.017563937,0.012359296,-0.00019332224,-0.02544388,-0.047875226,-0.013230506,-0.0045253104
170360,0.05120583,0.023429126,-0.007225525,0.025627991,0.015433994,-0.0070226346,0.019289924,-0.00059369457,0.009982533,0.025110023,-0.004333478,0.010679491,0.0112157585,-0.0053487644,0.0094296085,0.025671408,0.018917808,0.0071944464,0.04648401,0.0031969023,0.021025082,0.005090799,0.047912244,0.027634284,-0.0025420608,-0.008136434,-0.0023074253,0.013593595,0.003553192,0.007219117
170405,0.026610978,4.404473e-05,-0.013717267,-0.022449048,-0.059815854,0.013806106,-0.011126614,-0.017707014,-0.025180878,-0.021595245,-0.019015139,-0.009691383,-0.0006248409,-0.0068929605,-0.022826383,-0.0062859314,-0.0182982,0.012058717,0.015647965,0.0050144605,0.0028687448,0.022295596,-0.0049085184,-0.030869275,-0.023478115,-0.019413069,-0.022140509,-0.053079486,0.0031426873,-0.03274158
170450,-0.029149862,-0.018810874,-0.037528094,-0.037749838,-0.013473312,-0.014126186,0.0010668403,-0.0018403431,-0.009297088,-0.0049176128,-0.011856423,0.0066118576,-0.022990108,0.025030054,-0.030748032,-0.011517699,0.029951924,-0.0053313184,0.009251185,-0.01269136,0.0061108414,-0.02761951,-0.03964483,-0.00983869,-0.009727225,-0.017373873,-0.013010204,0.020069921,0.02248135,-0.012347548
170492,0.013274542,-0.020571252,-0.02007253,0.009568386,0.017380966,-0.0041428506,0.023983205,-0.004423949,-0.014201668,-0.013519518,0.012792338,-0.013453932,-0.003260701,-0.009570813,0.017833479,-0.018974984,0.011207412,-0.018089449,-0.029934185,-0.025407374,0.014600993,0.02377746,0.019892199,0.015877152,-0.01614907,-0.010292017,0.009896375,0.017816093,0.0024017505,0.032508727
173871,-0.020317512,0.017653652,0.012782328,0.0038466055,0.01325798,0.0028024775,0.029442595,0.014082435,0.009448233,-0.0035484023,0.026866844,0.017947502,0.013867828,0.017196905,0.022939727,-0.0056527914,0.00081658526,-0.020489985,0.027651556,-0.0050856173,0.017969841,0.029744377,0.047134846,0.01274462,0.049644902,0.020113232,0.02043534,0.016615571,0.02341075,-0.008311044
173872,-0.0043692943,0.02311684,0.031437654,0.019321656,0.021821903,0.006438115,0.012102014,0.038676847,0.013720647,0.028335534,0.04237782,-0.0029544935,0.039543685,-0.019928006,0.04689316,0.0014439573,0.047734052,-0.014873549,0.00031538433,0.0008915753,0.021170424,0.033667102,0.03870775,0.022811778,0.015034914,0.012605309,0.019448763,0.026444824,0.004679236,0.0018312294
173920,0.0319918,-0.007759443,-0.008053268,-0.007568019,-0.007858767,-0.017334875,0.00406324,-0.012793667,-0.011295131,-0.03596325,0.0009790884,0.0012503477,-0.036159992,-0.017496163,0.01849611,-0.0026926768,-0.02583549,-0.024403123,-0.033427123,-0.03313296,-0.045415368,-0.0074947006,0.009518198,-0.0062113926,0.017238686,-0.063475646,-0.0048861285,-0.024677373,-0.028988222,-0.015377904
173921,0.0077178124,0.0017196903,0.02217451,0.007852305,0.008561818,0.0073660207,-0.00029053786,0.0112036085,0.023155155,-0.023220753,0.02447663,0.017607326,-0.0020709473,-0.014520642,0.046596646,0.012045383,-0.0020346746,-0.015849112,-0.034784812,-0.036288287,-0.012624823,0.019533904,0.041100375,-0.005543938,-0.0072209663,0.010911889,0.027796587,0.0127712935,-0.00955221,0.014995579
173922,0.003331583,-0.0013266392,0.0004561624,-0.0044711046,-0.024904085,-0.0005156688,-0.015093568,-0.0069456263,0.0029755067,0.02391871,0.028598398,0.022706417,0.028186655,0.0059249266,-0.0028590625,0.002357892,0.027777268,-0.00054660486,0.0084549235,0.030714834,0.027894953,0.054359388,0.0038086015,0.017337272,-0.058649987,0.022288715,-0.00044167181,-0.00050130225,-0.026574263,0.011497565
173968,0.012104646,-0.018061753,-0.010556914,-0.008374763,-0.01604162,-0.0165374,0.0020761758,-0.015465555,-0.0076004546,-0.05336548,0.01190775,0.004791706,0.02522423,-0.030315235,-0.004234517,0.0052385633,-0.01653835,-0.026393553,-0.035192024,-0.040951002,-0.049217056,-0.02699785,-0.006258294,-0.00062843534,0.010587786,-0.049204122,0.00044784913,-0.018471047,-0.020816693,-0.006873403
173969,-0.0024796587,-0.050886583,-0.023602912,0.013563055,0.00029845288,-0.015647845,-0.012932465,-0.02736614,-0.026249757,-0.028261743,-0.006685766,0.033737484,-0.046108037,-0.02099649,-0.030051613,-0.014069847,-0.05242561,-0.012207043,-0.03529123,-0.039142516,-0.034506034,-0.042355016,-0.003042348,0.005143702,0.012984704,-0.07026948,-0.0059227976,0.00085097225,-0.043441936,-0.028869068
173970,-0.026503345,-0.020270584,-0.013068598,-0.0072252,-0.0010167329,-0.009912308,0.004589258,-0.019471971,0.016739568,-0.0031362243,0.001963167,-0.022402698,0.029025981,-0.017138535,-0.021009648,-0.0024409343,-0.011800926,0.0016790169,-0.0024159502,-0.004605713,-0.024311954,0.007673394,0.01231635,0.01698971,-0.019568413,-0.0022287278,-0.004861335,0.010374427,-0.0031973058,0.011649158
174015,-0.02351676,-0.031914853,0.015985422,0.03404435,-0.00900419,-0.01045021,-0.0034874957,-0.015801577,0.034283113,0.028809847,-0.005421515,-0.0076536597,0.0107721435,0.017760305,0.024727678,0.0017982548,-0.0132252155,-0.0106271515,0.03652167,-0.00030157817,0.0013033351,-0.0023899244,-0.0025406918,0.018812587,0.0020031265,0.025985217,0.03437346,-0.009606409,-0.0061705094,0.019966494
174016,0.007488551,0.01803789,-0.017827705,0.022288173,0.018595286,-0.02967445,-0.035523452,0.023473427,-0.0045778654,0.06446385,0.004496295,-0.029713504,0.014426336,0.014645507,-0.012698554,0.024055013,0.007416206,-0.008184443,0.02317057,0.01760454,0.0014550555,0.00042907274,0.012634978,0.03286784,-0.006194688,0.017510645,-0.005907888,-0.022555118,0.015401737,0.0022820255
174060,-0.010249087,0.004570727,-0.022135565,0.006630694,0.029538706,-0.045934122,0.020719457,0.005757158,0.008299955,0.011472103,-0.010333815,-0.0064448193,-0.016547386,-0.01182101,0.005188895,-0.015624319,-0.014391149,-0.013404518,-0.01433367,-0.00054849917,-0.010631288,0.040496793,0.030169137,-0.001695348,0.014966042,0.0084657855,0.02311115,0.007570948,0.00790453,-0.007419229
174061,0.014959362,-0.01592765,-0.0062698326,-0.001079667,0.02032145,-0.017963896,-0.010654089,0.020635603,0.03602854,-0.0034038564,-0.0028240252,-0.035028134,0.0044050645,-0.024877893,-0.0051927124,-0.0009751662,-0.0027380337,-0.010854032,0.0006738324,-0.007363224,0.021715341,-0.009477491,0.0021150503,-0.021660626,0.02049884,0.020212583,0.008104451,0.016661426,-0.023204027,0.036541242
174104,-0.022534385,-0.01719094,-0.021366203,-0.019073753,0.002228408,-0.01513039,-0.024815552,-0.02447931,-0.022998316,0.002867792,-0.009482653,-0.010897987,-0.013562192,0.004550192,0.012327599,0.008936223,-0.048648227,-0.008138633,-0.008722183,-0.033263575,-0.032028716,-0.015174781,-0.023998156,-0.008686549,-0.03144176,-0.03856579,-0.02406738,0.008081871,-0.010441196,-0.01123874
174105,-0.0023603241,0.0028001561,0.0025621306,-0.005750755,0.0398637,-0.010833896,-0.0019920573,0.032725558,0.017071841,-0.0071842982,0.010411284,-0.016015776,0.0065695983,-0.020766202,-0.0047406913,-0.017086701,-0.006487828,0.003489528,0.009614609,0.023546962,-0.024944931,0.003040405,-0.014149292,-0.02724188,0.024246229,0.0183952,0.01836974,0.02971602,0.0027383724,0.0112517
174146,0.009978131,0.00859893,-0.0064135133,-0.016494663,0.0035567128,-0.023722775,0.014563874,-0.013229031,-0.01217122,0.026073642,-0.024627907,-0.016732633,-0.028562075,-0.021371497,0.012116074,-0.002953143,-0.026669152,-0.018823158,-5.183245e-05,-0.034764696,-0.029010871,-0.0013120758,-0.030251667,-0.023907913,0.0056114416,-0.037692055,-0.018831998,-0.0048620184,0.0035560178,-0.014086646
177386,0.016626796,0.026262814,-0.020646313,-0.011148725,-0.016113894,0.012986242,-0.021088777,0.005171593,0.01565125,-0.02295801,0.014657904,0.014151297,-0.020325944,-0.007476565,0.008900326,0.014120281,0.009325235,-0.00044146902,-0.0022989872,0.00039699362,0.041659314,0.03752844,-0.003772375,0.004452497,0.015067324,-0.007893328,0.0032536823,0.0039116926,-0.011654231,-0.019938909
177387,-0.013672572,-0.008309002,-0.0058430023,0.009324547,-0.022260541,-0.016492698,-0.009901532,-0.041264858,0.0038770481,-0.020114245,-0.012325997,0.020048337,0.00039027972,0.010577858,-0.013124853,0.022391157,-0.023459988,0.006812224,0.014672342,-0.013449538,-0.0028258497,0.012226209,0.01106554,-0.010339721,-0.02652549,0.017619977,0.01333417,0.005816538,-0.020338928,0.021119969
177436,0.0003287266,6.0142327e-05,-0.0024918725,-0.02517551,-0.003705105,-0.016121812,-0.0014278464,0.008359519,0.008431652,-0.03671494,0.00651726,0.006804383,-0.008527578,-0.0139470855,0.00030526705,-0.00064470834,0.010917495,-0.0028986789,-0.0363373,-0.0024908725,-0.030505406,0.025468357,0.0209112,0.004356462,0.016744098,-0.025389366,0.001233544,-0.006838035,-0.0039270297,-0.005744435
177437,0.03559613,-0.004051834,-0.008598868,0.006537942,-0.007214762,-0.0020302548,-0.0144708,-0.020494102,0.02507169,-0.03374521,0.009766168,-0.013291437,0.03655054,-0.031821344,0.015880262,-0.024421202,-0.022261985,-0.0006075744,-0.012910525,-0.044983596,-0.017809024,-0.015488684,0.0036126457,-0.0094552385,-0.020016354,-0.028813759,0.0003101443,0.008551736,-0.014731973,-0.023486055
177484,0.005826281,-0.025178604,0.007188597,-0.005824568,-0.0057263863,-0.022065243,-0.015855955,0.0059564947,-0.014230423,-0.03545752,-0.0023162917,-0.0026832565,-0.021879733,-0.028383518,3.8596103e-05,-0.03708609,-0.027147865,-0.010832738,-0.015733154,-0.04767332,-0.05401638,-0.012096445,0.004724575,0.0029068522,0.008293936,-0.07094808,-0.029522533,-0.021654246,-0.008462017,-0.032213625
177485,0.010631331,-0.0054637287,0.021340638,-0.015368481,0.011480865,-0.03311569,0.02572116,-0.0025375031,0.014845933,0.0038319398,0.031265248,0.02258405,-0.0027532566,-0.014656018,-0.018605784,-0.0060179015,-0.014136302,-0.0035102349,-0.026162745,-0.0221359,-0.00086120766,0.0027229895,0.03154527,0.019258074,-0.010190547,-0.042158443,0.024748376,-0.019250775,-0.020980423,0.010997617
177529,0.0068030995,0.00559368,0.009940903,0.02543874,0.02687911,0.0023249437,0.012276858,0.03570507,-0.00106577,0.0031333233,0.0044731456,0.014698925,-0.0069134776,0.044731513,-0.020407045,-0.0031504605,0.04176599,0.013017782,0.01620342,0.0021897433,0.026047697,0.026013022,0.05064902,0.008910602,0.031709746,-0.01593949,0.009614254,-0.017024351,0.008702657,0.0049778046
177530,0.020975,0.03844144,-0.008400617,0.035789788,-0.006422756,0.026046723,0.009979803,-0.00713369,-0.0264636,-0.012972766,0.023938155,-0.0033511806,0.007091479,-0.013927245,0.014667354,-0.0073989932,-0.009416194,0.009020445,-0.007978938,-0.027035946,-0.028136825,0.049302626,0.011112955,-0.0080268625,-0.0012512865,-0.022772998,0.015864035,0.0029155381,-0.0051452764,0.0043442226
177531,-0.002912266,0.010738455,-0.011646583,0.0041412865,0.025076613,-0.011903978,0.013344727,-0.011497374,0.0025069255,-0.012441848,0.031158112,0.0070763393,0.022222966,-0.0007141021,0.010494477,0.00032745177,-0.014043928,0.008317817,-0.012709685,-0.011420081,0.0005897684,0.01189799,0.070072025,0.0039256825,0.012648257,0.005559966,0.040279794,0.007292341,0.0086667845,0.004462306
177532,-0.02078024,0.01777611,0.022437936,0.003013532,0.012390587,-0.02160872,0.010119705,0.015233363,-0.007048376,-0.008892301,0.0035306949,0.05564971,-0.012561726,0.01966683,-0.0044711553,-0.008313387,0.018113349,-0.011164623,-0.014738664,-0.01136864,0.011703818,-0.030161895,0.032723032,0.0057355394,0.0015831533,-0.008933835,0.0115004955,0.009779322,-0.0011285184,-0.00341807
177575,-0.010406039,0.00052098185,-0.028202472,-0.041411065,-0.007812791,-0.02761473,0.0041118576,-0.025537541,-0.0121407015,-0.026069567,0.01656498,0.002280548,-0.022580693,-0.037327603,-0.01463117,-0.03738961,-0.021865034,-0.009357542,0.013434061,-0.005721914,-0.010470304,-0.011086597,-0.013249719,-0.017176332,0.0048073903,-0.043979365,-0.017243354,-0.01536065,0.0034038972,-0.018245474
177576,0.00044851316,-0.020634277,-0.00059796736,-0.005268185,0.0009116018,0.0018468127,0.0074247927,-0.0017332287,-0.0020907614,-0.004264085,0.01875877,-0.00989255,-0.002322631,0.005082172,-0.006650588,0.0074184476,-0.01993168,0.0040151384,0.018518237,-0.004511301,-0.021380305,-0.04401024,-0.00829554,-0.0104789175,0.0081065,-0.016587008,-0.00965605,-0.02274465,0.006400689,0.01649075
177577,0.024093254,-0.013270043,0.0010750495,-0.001978585,0.003305068,0.0020547307,-0.020643935,0.0027908944,-0.011013516,0.01689664,-0.00038462147,-0.024427354,-0.027948149,-0.002043856,0.03381444,-0.0011329055,-0.008068967,-0.021788204,-0.0054976232,-0.011495113,-0.0058231987,-0.020810429,-0.0016336109,-0.008209279,-0.03619457,0.028826019,-0.00737771,-0.023701532,-0.0003164572,0.010160075
177578,-0.04343252,0.024343679,0.018408967,0.026872223,0.0051204073,0.006943345,0.019669032,0.009746206,0.005949437,0.010433022,-0.006393593,0.00680325,-0.019186558,0.026169265,0.019469284,0.013536603,-0.0018890334,0.008880478,-0.0040667974,0.0019870487,0.002788232,-0.0028595354,0.004509926,-0.014577742,0.011031925,-0.004298324,0.028532295,0.007412821,0.006394634,0.012003115
177619,-0.009645053,-0.0072696754,-0.028704366,-0.020024186,-0.0067150486,-0.057953004,-0.013630882,-0.021905145,1.4482881e-05,-0.0070649777,0.0016445018,-0.0036689762,-0.013203959,-0.03268948,-0.005476618,-0.005401043,-0.05322455,-0.024207087,-0.056065116,-0.04249676,-0.07892,-0.03383521,-0.058058772,-0.024095474,-0.025795555,-0.07321822,-0.030257545,-0.027148118,-0.040665578,0.020978907
177620,-0.013125497,-0.02837056,0.009052816,0.017005557,0.03952733,-0.03702255,0.006997363,-0.0030201173,0.011342364,0.0039073317,0.0052953437,-0.01770045,-0.030066518,-0.025053965,0.0077732727,0.02165567,-0.0113555575,0.008334099,0.0134160025,-0.0049627186,0.02475263,0.041761484,0.04013527,-0.00595161,-0.002377202,-0.037355162,0.0038771108,-0.03164352,0.0037087982,-0.0029570211
177661,-0.024518898,-0.012386943,-0.010614935,0.016890416,-0.03343397,-0.0029466767,0.002139677,-0.015303542,-0.0050140764,-0.0025434524,0.005327347,-0.06104498,-0.028285177,-0.031741478,-0.011941145,0.012604509,-0.03644405,-0.028645342,-0.012538955,0.010765632,0.010416892,0.0049013593,-0.021834942,-0.00058064744,-0.03863214,-0.011800084,-0.0003360572,-0.016530693,-0.00068205287,-0.010850035
177662,0.020014511,0.01967582,-0.00513689,0.04731859,0.048046544,-0.047390167,-0.0134787485,-8.196884e-05,0.00463381,0.0070283613,0.011069787,-0.012581893,-0.011133813,-0.03383106,0.02017037,0.020318659,0.024048233,-0.012668309,-0.030545458,-0.00588537,0.01126057,0.0053919894,0.01993554,0.010589371,0.0043239626,-0.009305356,0.011932295,-0.0077477605,-0.010172048,-0.00728412
177700,0.032822996,0.009057141,0.01916855,0.001024759,0.012107962,-0.004017182,-0.010635612,-0.030859722,-0.012605022,0.014989526,0.014984917,0.02053181,-0.012775685,-0.024199089,-0.016957218,-0.0021656614,0.017672447,-0.004616855,-0.022900894,0.024835521,0.0025438834,0.027362702,-0.010987356,0.0010437486,0.020375073,-0.013942055,0.025730766,0.021377241,0.03135412,0.013150613
177701,-0.031891808,-0.016285228,-0.037812535,-0.007870729,-0.019713013,-0.0118372515,0.016023675,-0.0061041717,-0.028314805,-0.027034948,0.014332495,-0.014193904,-0.011199654,-0.027680194,-0.016538955,-0.033977453,-0.02667976,-0.03521669,-0.011666027,-0.027200066,-0.04665034,-0.029933408,-0.017230224,-0.05098081,-0.0009047223,-0.040348716,-0.006114311,0.010840808,-0.02243147,0.018250963
177702,-0.033455964,0.020629218,-0.024638334,-0.03524526,-0.010938164,-0.04582059,-0.02396597,-0.0024946854,-0.027738446,-0.019749394,-0.0066381027,-0.020173421,-0.025359288,-0.04268614,-0.024016129,-0.007875199,-0.031093003,-0.04176457,-0.009731339,-0.001844349,-0.057700917,-0.0075306236,-0.027859753,-0.028015947,0.009943915,-0.044299964,-0.006365999,-0.011164826,-0.024330951,-0.004934823
177703,-0.012292974,-0.012059439,-0.002155814,0.013477637,0.017528202,-0.004106559,-0.016508238,0.010464404,0.0063120783,-0.03486397,0.018101454,-0.0066819303,-0.0006687639,-0.009742952,-0.008864726,-0.011801067,0.015423574,-0.013088099,-0.01321127,-0.027399974,0.0021270858,-0.039407823,-0.017787034,-0.0033267767,-0.019697571,-0.040306672,0.009092732,0.045894593,0.010432516,0.001974892
177739,0.01923511,0.026769757,0.004351226,-0.00022361924,0.023320794,-0.013654176,-0.020530013,0.011044502,0.010976379,-0.0018909877,0.015073419,0.02367717,-0.02838804,-0.027528644,0.010923569,-0.012860184,-0.019833868,0.006373255,-0.03940558,-0.0013939912,-0.015034667,-0.010456682,-0.012436639,0.002757834,0.016771289,-0.013052277,0.0058656707,-6.0415827e-05,-0.025330773,-0.014631561
180888,-0.0032480818,-0.0067700017,0.018676542,-0.0135356905,-0.0069502094,-0.048004925,0.006906849,0.0029145426,0.015307034,0.012378803,-0.0048778155,0.00083869696,-0.0047839726,0.019220449,-0.010594881,-0.028547235,0.010079439,-0.0047687846,-0.026156398,0.02306094,-0.06936638,-0.016171098,-0.012509897,-0.0011973664,0.04148845,-0.04911494,0.0075641866,-0.03424234,-0.0037928827,-0.021968374
180889,0.010435708,-0.0050344337,-0.02139616,-0.003006976,0.0074116867,0.0060238764,0.010918503,0.009665883,0.007635971,-0.0096776625,0.010492884,0.02379979,0.007781292,0.0012355273,-0.03693233,-0.012068766,0.017512875,-0.016546542,-0.015089874,0.029134335,-0.015081611,0.029860655,0.022988029,-0.014114385,0.010998066,0.0030673966,0.016199179,-0.02421902,0.012128495,-0.0052450406
180890,0.016390203,-0.005197311,-0.01047909,-0.025142623,-0.013840626,-0.0075976118,-0.010872246,-0.025247268,0.009044149,0.017513245,0.0049339957,0.018385515,0.023932712,-0.00886893,0.0061504673,-0.027012693,-0.009232976,-0.015201875,-0.00017707299,-0.016730867,0.0021025122,-0.016340517,0.01575768,-0.01526358,0.022415852,0.0012626108,-0.0035945221,-0.025576675,-0.009003476,0.009532593
180935,-0.025080666,-0.0064061875,0.0030097228,0.011589889,0.010559701,0.013099517,0.008727935,0.00360405,0.015730813,0.008770349,-0.013979084,-0.021154555,0.018454185,-0.0009328965,0.0076573156,-0.0043533687,-0.027187789,0.005853766,-0.018022379,-0.030185407,0.018456431,-0.011845858,0.013974701,-0.02517113,-0.020624531,0.02241434,-0.018611427,0.009454762,-0.0017571123,0.005080582
180936,-0.0069312467,-0.04948486,-0.009057015,0.00423058,0.019590769,0.008671823,0.0268339,0.0427157,0.0022099102,-0.007093825,0.011769618,-0.02014674,-0.018352618,0.013104555,-0.02937088,-0.01597647,-0.005007954,-0.01972791,-0.05009806,-0.016960075,-0.010416689,-0.0018883515,0.042771593,0.0011647505,0.019130485,-0.01866144,0.0025518907,-0.019790765,0.03251183,-0.0241959
180937,0.005432725,-0.0043670074,-0.019395208,-0.007846574,0.002191512,-0.02191045,-0.0035394698,-0.010106183,-0.0038578396,-0.019428866,-0.0013031767,-0.03103365,-0.012903821,0.0017037472,-0.02186349,-0.009777489,-0.020863175,-0.00049242744,-0.018743118,-0.019992007,-0.019879667,0.006218203,-0.0019379224,-0.021300366,0.0036441723,-0.040113103,-0.021940874,-0.023252925,-0.036841743,-0.012051468
180980,0.0043443474,-0.03885405,-0.01175927,0.005392959,0.01870964,-0.010691565,0.005226478,-0.017805506,-0.011877273,-0.020000307,-0.015588644,-0.021804968,-0.004063792,0.014151734,-0.0022811508,-0.03352408,0.0046781916,-0.0059345695,-0.0175841,-0.011862469,0.012939003,0.0008894317,0.026235083,-0.047267172,0.024105715,0.00373024,-0.0011070318,-0.011042661,-0.01708332,-0.0004924511
180981,-0.02187522,0.011156681,-0.017297387,0.01454556,-0.012640064,-0.008803459,-0.016155235,0.0065854467,-0.021648528,-0.018069614,-0.01659566,-0.014998435,0.019108577,-0.0058857854,0.0091850385,-0.0028169688,0.019554969,-0.018582607,0.0059902165,-0.009525042,-0.015747868,0.0045967153,-0.012183775,-0.011465043,-0.0071571595,0.001542585,-0.012141791,-0.0014391724,-0.021482145,-0.008458193
180982,0.004461277,-0.0021104098,0.012041246,-0.0029779922,0.024559624,0.014721654,0.020693487,0.005015506,0.0059064166,-0.0050969976,-0.0060705137,-0.008676437,0.02015795,-0.016527534,-0.022373185,-0.028994722,0.008587812,-0.0024579996,-0.019847462,-0.006573964,0.020059993,0.017985776,0.013980913,0.008095642,0.0024281915,-0.027888248,0.018842943,0.009380736,0.014958954,-0.004019366
180983,0.002310435,0.026285505,0.0019668303,0.010875709,-0.014874143,-0.010024086,0.009475269,-0.0012060382,-0.01593546,-0.021758934,0.0060734167,-0.005879029,-0.012911975,0.009125841,0.018473884,-0.0068178363,0.005285654,0.0017388718,-0.036125366,0.00048160646,-0.014443826,0.03125688,0.01024739,-0.007877618,-0.0101820575,-0.018112117,-0.001614071,-0.018209772,-0.014163825,-0.011309695
181025,0.047464818,0.024484849,0.015513755,0.008374604,-0.025753642,-0.015816564,-0.009251819,0.0077412482,0.002639881,0.019916771,0.009003366,0.0019538184,-0.016070716,-0.014414069,0.04221073,-0.008439976,0.015688501,0.012675113,0.031005418,-0.006365515,-0.013077228,-0.00075099495,0.007762227,0.027892994,0.004531102,0.0010858265,0.013082672,-0.00048201592,-0.016694633,0.011364612
181026,-0.00053705706,0.012570729,-0.00022343826,0.00898886,0.013392375,-0.021050595,-0.01558368,0.042019263,-0.006451961,-0.013129574,0.0097643295,-0.0068519446,0.042108994,-0.0018233912,0.00097374804,0.036470424,-0.018670484,0.013861694,0.010938262,-0.004468274,-0.0081102075,-0.020931877,-0.002382853,0.024424398,-0.011081305,0.02216477,-0.009757491,0.007926056,0.0001283621,-0.009305751
181027,0.0028132193,0.0027648099,0.008711447,0.013409344,0.015900223,-0.021077046,0.0072708656,-0.01980281,-0.0099858595,0.0038898487,0.019556625,-0.018626856,-0.007217327,-0.02202353,0.037482288,-0.008017478,-0.009429898,0.005179663,0.0030574456,0.003834158,0.00068690284,-0.018162938,0.028643453,-0.0068982504,0.0045183734,0.004176498,0.007240864,0.009184348,-0.019384837,0.0048761554
181028,-0.0060780416,0.015726374,0.022746615,0.0009973889,0.0039832788,-0.010675169,-0.0016333672,-0.001897036,0.015069951,0.015541971,0.0081664035,-0.0025825559,-0.035733815,0.0050915736,0.015850982,-0.01558797,-0.022411926,-0.004209773,-0.03757748,-0.0001945758,-0.010004699,0.0031799823,0.0050399858,0.013629459,-0.0025491125,-0.00037814365,0.00210021,-0.028254474,0.013683143,-0.016540548
181069,0.0012305627,0.007346964,0.017617704,0.0022334682,0.03829171,0.016292265,0.008416437,-0.014333804,0.006976088,0.016026296,0.017850058,0.01959555,0.03461932,0.0054720193,0.022280535,0.013764312,-0.006063326,0.0139689585,0.036894485,0.00066767726,0.02152049,0.04684782,0.04242235,0.036534727,0.011559103,-0.010318794,0.009279002,0.023464615,0.006734542,0.008842324
181070,-0.0007645998,-0.027632033,-0.011924486,0.005111056,0.0075549814,-0.0019432876,-0.002453624,0.00035300106,0.034836408,-0.0103256805,-0.001776016,0.004614115,-0.024282,-0.025662273,-0.013571178,0.021547357,-0.023753593,0.031800907,-0.018425483,-0.030282242,0.018898236,-0.030180171,0.01789433,-0.0032553235,-0.016878046,-0.025038326,-0.016103683,-0.01922801,0.0026701074,-0.00061537855
181109,0.01461319,-0.004572502,-0.0017685272,-0.003096462,0.020318195,-0.021545628,0.030478999,-0.006212711,0.00805431,-0.007693087,-0.0020664695,-0.015901305,0.00817505,-0.024648152,-0.021022564,0.007553253,0.037807595,0.007187581,-0.0014418137,-0.00232702,0.020870626,0.009375823,0.01610344,-0.013990027,0.037908673,0.009389308,0.015019283,0.0035951752,0.0042922064,-0.02050953
181110,-0.0127420565,-0.029507762,-0.006635444,-0.024096487,0.022653192,-0.019388072,0.00831861,0.0022812865,-0.018463291,-0.035793655,0.005661016,0.026621453,0.02285924,0.0036064598,-0.029460842,-0.02795885,0.017272344,-0.0051515377,-0.013985568,0.0019257212,-0.02366363,-0.0052923854,0.012419994,-0.0143415,0.0073634568,-0.0026972478,0.0016820625,-0.020599494,-0.0041788053,0.0037560437
181111,-0.03915139,0.0135382945,-0.023312485,-0.01534986,0.005506299,-0.012759362,0.000584706,-0.016979018,-0.011048581,-0.06652616,-0.0019039689,-0.040088683,-0.0029476667,0.001956764,-0.02853287,-0.024420602,-0.026470982,-0.02028975,-0.004896443,-0.026973208,-0.034951024,0.00036018217,-0.053059693,0.001556389,-0.015292118,-0.028174914,-0.01291041,-0.015073082,-0.044244613,-0.0024123907
181112,-0.01835178,-0.0059840265,-0.0037637625,0.0021349518,0.005819637,0.012800607,-0.0047915243,0.014348924,0.0036491472,-0.050481588,0.017691525,-0.042665195,-0.043915648,-0.014589499,0.013949164,-0.0005809604,-0.014579984,-0.01123494,-0.023595368,-0.011804667,-0.018161006,0.0056561115,-0.0035011645,-0.0086120125,0.022099495,-0.01974296,-0.0081236465,-0.03713606,-0.0022246374,0.05482887
181149,-0.02263347,-0.016730914,-0.005721777,0.007203666,-0.018766174,-0.041659005,-0.011779415,-0.013019496,-0.04400422,-0.0011638721,-0.0077318586,-0.030870507,-0.021754282,-0.022006957,-0.031148434,-0.024803497,-0.0075700223,-0.03491762,-0.028488034,0.000315027,-0.03378875,0.007020224,0.008122183,-0.04472992,-0.02839139,-0.021498412,0.008879586,0.012241654,-0.011832927,-0.010809828
181150,-0.046255063,-0.022128329,-0.02687099,-0.026711106,0.041133303,-0.010778169,-0.0076021147,-0.033126343,-0.030439705,-1.842482e-05,0.015461735,0.019437436,-0.03428823,-0.022259466,-0.035468098,-0.03620157,-0.042192373,-0.031451132,-0.015246126,-0.015980931,-0.04974218,0.0011617733,-0.0018912336,-0.02058565,-0.044804007,-0.0066039767,0.007355258,-0.00018528104,-0.02695123,0.012617162
181151,-0.003038171,0.03172082,-0.0054596295,0.030611135,0.0127301095,-0.04861358,0.03509931,0.0078415675,-0.014837279,0.002480339,0.028596634,0.026823977,0.0032248788,0.011428081,0.012742646,-0.008568156,0.0024091739,0.0058477125,-0.042222623,-0.011951841,0.020400187,0.020462396,0.015625777,0.011823314,0.011456155,0.0016965136,0.029613776,-0.015089966,-0.010892641,0.014508664
181152,-0.01936063,0.0032655345,0.0039765523,-0.0017337588,0.005039796,0.0004224307,0.0038922345,0.007037673,-0.0048462045,-0.031706337,0.023837462,0.012941225,-0.022755578,0.033294953,0.0042561763,0.019650929,0.021648102,0.022657499,-0.005313394,-0.0021978978,0.013836334,-0.022752821,-0.037656825,0.00330838,0.00995915,0.010564134,0.01529891,0.033072453,0.014950156,0.0028849163
181189,-0.014289625,-0.034171473,0.017611085,-0.0027851847,0.04725106,0.0068900767,6.022677e-05,0.0022443607,0.007472178,0.021256924,0.00039073513,0.019253505,0.020481607,0.025731802,-0.0066601387,-0.0012449333,0.010086536,0.01477157,-0.019169934,-0.009999518,0.011061418,0.016819416,0.01440026,0.018674757,-0.008968449,0.026423415,-0.012465253,0.031518128,0.009876714,-0.013347444
184397,-0.011963166,0.010326719,-0.0016565202,-0.023067452,0.004105158,-0.013322167,0.019401606,0.00812587,0.009296819,-0.0017924514,0.01721927,-0.0111981025,0.021674821,-0.0019683752,-0.019353107,-0.04107013,-0.001942264,-0.026170095,0.013574042,0.013468073,0.004812784,0.023545003,0.034550697,0.017292365,0.026877724,-0.002807731,0.013810639,0.018329296,-0.029801162,0.026963541
184398,-0.015217826,0.034770664,0.015566591,-0.0012891076,0.009536956,0.003514562,-0.005443279,0.005903794,-0.0006909482,-0.0061992276,0.015385996,0.0063835126,0.036277402,0.008536972,0.021859497,0.007555641,0.0040695504,0.008876068,-0.013236884,0.014854807,-0.025733037,0.03676434,-0.004287161,0.017297754,0.00812975,0.0038482693,0.01467499,0.0123376055,-0.0017132139,0.0011830622
184436,-0.018332807,-0.01248575,0.0048517245,-0.007958175,-0.011995417,-0.022817269,-0.03470019,0.007176204,0.01983372,-0.013609351,-0.0037296014,-0.007586772,-0.0028028928,-0.009941337,0.0076232986,-0.027048258,-0.013778693,-0.018019224,-0.01404449,-0.033690583,-0.046316523,-0.012389389,-0.039178353,-0.033289526,-0.010910571,-0.015110946,-0.009385623,-0.0026351127,-0.018842395,-0.00019633088
184437,-0.009213992,-0.021030135,-0.029126545,-0.03870052,-0.0026084352,-0.053930808,-0.0210239,-0.00998883,-0.009664596,-0.01624447,-0.00233737,-0.014509063,-0.008602572,-0.012080456,-0.009011288,-0.0011334553,-0.018236341,-0.021660337,0.0020076307,0.013622902,-0.044372473,-0.013467294,-0.025669077,0.009544994,-0.018511493,-0.044562336,-0.010149089,0.0147529505,-0.052414764,0.02790981
